date,post_count,avg_score,total_score,avg_comments,total_comments,avg_relevance,pct_has_body,pct_mostly_urdu,avg_word_count
2025-04-01,1,3.0,3,9.0,9,3.0,1.0,0.0,139.0
2025-04-02,4,7.5,30,9.0,36,1.5,1.0,0.0,62.0
2025-04-03,12,4.166666666666667,50,4.0,48,1.3333333333333333,0.8333333333333334,0.0,91.83333333333333
2025-04-04,5,6.625,35,6.125,46,2.0,0.875,0.0,137.125
2025-04-05,6,5.166666666666667,31,5.0,30,1.6666666666666667,0.8333333333333334,0.0,125.5
2025-04-06,4,2.75,11,3.75,15,1.0,1.0,0.0,112.5
2025-04-07,10,4.611111111111111,35,3.1666666666666665,49,1.5555555555555556,0.8888888888888888,0.0,74.61111111111111
2025-04-08,4,3.75,15,2.5,10,1.25,1.0,0.0,65.75
2025-04-09,13,3.1666666666666665,65,5.291666666666667,116,2.2916666666666665,1.0,0.0,106.41666666666667
2025-04-10,5,6.75,33,9.125,67,1.125,1.0,0.0,71.75
2025-04-11,14,4.846153846153847,66,4.884615384615385,91,1.5384615384615385,0.9615384615384616,0.0,131.19230769230768
2025-04-12,5,4.0,20,6.2,31,1.2,1.0,0.0,171.8
2025-04-13,3,2.0,6,6.333333333333333,19,1.3333333333333333,1.0,0.0,111.0
2025-04-14,8,9.0,72,12.25,98,1.125,1.0,0.0,86.125
2025-04-15,5,1.0,8,5.5,32,1.5,1.0,0.0,102.5
2025-04-16,5,5.8,29,9.2,46,1.4,1.0,0.0,112.0
2025-04-17,1,0.0,0,5.0,5,1.0,1.0,0.0,43.0
2025-04-18,5,4.2,21,7.6,38,1.0,1.0,0.0,71.2
2025-04-19,4,10.75,43,26.5,106,1.5,1.0,0.0,232.0
2025-04-20,5,4.2,21,8.0,40,1.0,0.8,0.0,52.2
2025-04-21,8,4.875,39,11.25,90,1.0,0.75,0.0,83.375
2025-04-22,6,6.5,39,7.833333333333333,47,2.0,1.0,0.0,143.33333333333334
2025-04-23,3,49.666666666666664,149,58.333333333333336,175,1.0,1.0,0.0,91.0
2025-04-24,16,3.7916666666666665,75,7.0,162,1.3333333333333335,0.7083333333333333,0.0,81.54166666666666
2025-04-25,7,3.3,27,3.2,32,1.0,0.55,0.0,63.55
2025-04-26,5,6.6,33,9.8,49,1.2,1.0,0.0,106.2
2025-04-28,6,5.5,43,9.9,79,2.4,0.8,0.0,77.5
2025-04-29,4,2.0,10,5.333333333333334,26,1.0,0.3333333333333333,0.0,71.16666666666667
2025-04-30,6,2.3333333333333335,14,6.0,36,1.0,1.0,0.0,176.5
2025-05-01,9,10.0,139,13.5625,210,1.125,1.0,0.0,60.375
2025-05-02,4,2.5,10,1.75,7,1.0,0.75,0.0,69.75
2025-05-03,8,31.75,254,28.25,226,2.25,1.0,0.0,315.25
2025-05-04,6,8.0,48,12.333333333333334,74,1.0,1.0,0.0,191.5
2025-05-05,5,3.0,15,3.375,27,1.75,1.0,0.0,87.0
2025-05-06,4,7.25,29,17.5,70,1.25,1.0,0.0,87.0
2025-05-07,6,3.5,21,6.5,39,1.3333333333333333,0.8333333333333334,0.0,165.83333333333334
2025-05-08,6,7.0,42,13.833333333333334,83,1.1666666666666667,1.0,0.0,87.5
2025-05-09,3,24.333333333333332,73,23.666666666666668,71,1.6666666666666667,1.0,0.0,110.33333333333333
2025-05-11,2,14.0,28,9.0,18,1.0,1.0,0.0,50.5
2025-05-12,7,16.571428571428573,116,9.0,63,1.2857142857142858,1.0,0.0,71.28571428571429
2025-05-13,7,6.083333333333334,43,4.916666666666666,49,1.0,0.9166666666666667,0.0,74.5
2025-05-14,4,28.25,113,44.25,177,1.0,1.0,0.0,136.5
2025-05-15,12,2.5,35,2.5454545454545454,56,1.1818181818181817,0.9545454545454546,0.0,231.86363636363637
2025-05-16,4,7.75,31,16.75,67,1.25,1.0,0.0,122.0
2025-05-17,5,7.6,38,24.8,124,1.6,1.0,0.0,88.2
2025-05-18,9,4.666666666666667,42,7.777777777777778,70,1.3333333333333333,0.8888888888888888,0.0,110.22222222222223
2025-05-19,5,3.8,19,8.2,41,1.0,1.0,0.0,112.4
2025-05-20,4,8.75,35,5.5,22,1.0,1.0,0.0,152.25
2025-05-21,5,10.8,54,8.0,40,1.4,1.0,0.0,183.6
2025-05-22,6,7.5,45,15.166666666666666,91,1.6666666666666667,1.0,0.0,117.33333333333333
2025-05-23,4,8.25,33,5.75,23,1.0,0.75,0.0,54.25
2025-05-24,2,12.5,25,19.0,38,1.5,1.0,0.0,89.0
2025-05-25,3,9.666666666666666,29,16.0,48,1.6666666666666667,1.0,0.0,170.33333333333334
2025-05-26,11,5.818181818181818,64,7.181818181818182,79,1.1818181818181819,0.6363636363636364,0.0,135.8181818181818
2025-05-27,6,0.8333333333333334,5,2.8333333333333335,17,1.0,1.0,0.0,98.16666666666667
2025-05-28,5,2.625,15,5.875,44,1.0,1.0,0.0,80.25
2025-05-29,6,3.5,21,9.333333333333334,56,1.3333333333333333,1.0,0.0,130.5
2025-05-30,5,0.5833333333333333,3,12.333333333333332,62,1.3333333333333335,0.75,0.0,92.08333333333334
2025-05-31,4,6.0,24,4.25,17,1.75,0.75,0.0,145.5
2025-06-01,2,8.0,16,6.0,12,1.5,1.0,0.0,75.5
2025-06-02,7,4.142857142857143,29,7.0,49,1.0,0.8571428571428571,0.0,114.14285714285714
2025-06-03,6,6.8,60,9.6,96,1.2,1.0,0.0,94.6
2025-06-04,6,4.5,27,8.0,48,1.0,1.0,0.0,66.33333333333333
2025-06-05,6,4.75,34,9.375,47,2.125,1.0,0.0,108.375
2025-06-06,1,1.0,1,0.0,0,1.0,0.0,0.0,5.0
2025-06-07,2,13.5,27,12.5,25,1.5,1.0,0.0,161.0
2025-06-08,5,5.8,29,5.8,29,1.0,0.6,0.0,78.2
2025-06-09,6,5.0,30,7.166666666666667,43,1.3333333333333333,0.8333333333333334,0.0,80.16666666666667
2025-06-10,9,5.928571428571429,83,7.607142857142857,104,2.5357142857142856,1.0,0.0,118.85714285714286
2025-06-11,10,4.5476190476190474,57,8.428571428571429,74,1.8095238095238098,1.0,0.0,105.14285714285714
2025-06-12,8,5.083333333333333,57,6.416666666666667,61,1.25,0.5833333333333333,0.0,76.58333333333334
2025-06-13,6,1.5,9,1.5,9,1.8333333333333333,0.6666666666666666,0.0,92.0
2025-06-14,4,7.5,30,19.5,78,1.25,1.0,0.0,192.25
2025-06-15,7,5.714285714285714,40,8.0,56,1.1428571428571428,1.0,0.0,105.71428571428571
2025-06-16,10,9.2,92,9.7,97,1.2,1.0,0.0,100.8
2025-06-17,7,4.0,43,4.916666666666667,59,1.25,0.5,0.0,48.916666666666664
2025-06-18,5,5.8,29,12.4,62,1.0,1.0,0.0,117.0
2025-06-19,8,7.125,57,10.0,80,1.125,1.0,0.0,73.125
2025-06-20,7,9.0,63,9.857142857142858,69,1.4285714285714286,0.8571428571428571,0.0,112.57142857142857
2025-06-21,4,2.75,11,12.75,51,1.5,1.0,0.0,113.75
2025-06-22,14,6.214285714285714,87,9.214285714285714,129,1.3571428571428572,1.0,0.0,77.64285714285714
2025-06-23,11,2.6363636363636362,29,4.090909090909091,45,1.0909090909090908,0.9090909090909091,0.0,113.0909090909091
2025-06-24,10,4.8,48,6.7,67,1.2,1.0,0.0,144.7
2025-06-25,12,4.083333333333333,49,8.75,105,1.1666666666666667,1.0,0.0,94.41666666666667
2025-06-26,2,5.0,10,7.5,15,1.0,1.0,0.0,55.0
2025-06-27,6,15.5,67,16.75,71,1.0,0.75,0.0,99.0
2025-06-28,2,14.5,29,6.5,13,1.5,1.0,0.0,131.0
2025-06-29,10,11.1,111,11.8,118,1.8,1.0,0.0,137.6
2025-06-30,9,8.777777777777779,79,8.333333333333334,75,1.8888888888888888,1.0,0.0,187.33333333333334
2025-07-01,11,5.818181818181818,64,6.909090909090909,76,1.0909090909090908,0.8181818181818182,0.0,83.18181818181819
2025-07-02,8,8.25,66,8.625,69,1.25,0.75,0.0,103.875
2025-07-03,11,7.2727272727272725,80,15.363636363636363,169,1.3636363636363635,1.0,0.0,101.18181818181819
2025-07-04,3,3.0,9,4.0,12,1.0,1.0,0.0,80.66666666666667
2025-07-05,11,6.363636363636363,70,5.090909090909091,56,1.4545454545454546,0.9090909090909091,0.0,82.36363636363636
2025-07-06,13,8.538461538461538,111,15.846153846153847,206,1.4615384615384615,1.0,0.0,108.07692307692308
2025-07-07,19,2.7222222222222223,81,5.5,198,1.1388888888888888,0.9722222222222222,0.0,83.16666666666666
2025-07-08,11,15.454545454545455,170,11.0,121,1.3636363636363635,1.0,0.0,182.45454545454547
2025-07-09,9,2.0,18,3.888888888888889,35,1.2222222222222223,0.8888888888888888,0.0,104.33333333333333
2025-07-10,8,14.5,116,12.375,99,1.375,0.875,0.0,134.875
2025-07-11,8,2.0,22,4.285714285714286,60,1.0714285714285714,1.0,0.0,262.5
2025-07-12,6,7.333333333333333,44,14.0,84,1.1666666666666667,1.0,0.0,138.16666666666666
2025-07-13,7,7.0,49,4.857142857142857,34,1.4285714285714286,1.0,0.0,131.0
2025-07-14,7,14.0,98,19.714285714285715,138,1.0,1.0,0.0,112.14285714285714
2025-07-15,3,1.6666666666666667,5,3.0,9,1.0,1.0,0.0,123.0
2025-07-16,10,8.1,81,11.8,118,1.1,1.0,0.0,132.6
2025-07-17,6,3.1666666666666665,19,5.5,33,1.3333333333333333,1.0,0.0,99.33333333333333
2025-07-18,9,4.555555555555555,41,13.333333333333334,120,1.1111111111111112,1.0,0.0,104.0
2025-07-19,4,16.75,67,9.0,36,1.75,0.75,0.0,213.5
2025-07-20,6,2.8333333333333335,17,6.833333333333333,41,1.0,0.5,0.0,136.33333333333334
2025-07-21,7,4.0,28,7.285714285714286,51,1.1428571428571428,0.7142857142857143,0.0,67.85714285714286
2025-07-23,15,8.066666666666666,121,14.866666666666667,223,1.6,0.9333333333333333,0.0,133.46666666666667
2025-07-24,8,9.0,72,13.125,105,1.0,1.0,0.0,92.25
2025-07-25,11,4.2727272727272725,47,12.545454545454545,138,1.1818181818181819,0.9090909090909091,0.0,69.0909090909091
2025-07-26,9,10.11111111111111,91,11.11111111111111,100,1.5555555555555556,1.0,0.0,159.0
2025-07-27,9,8.555555555555555,77,14.222222222222221,128,1.2222222222222223,1.0,0.0,133.0
2025-07-28,9,6.222222222222222,56,9.222222222222221,83,1.2222222222222223,1.0,0.0,76.0
2025-07-29,6,6.5,39,13.5,81,1.3333333333333333,1.0,0.0,149.83333333333334
2025-07-30,15,17.133333333333333,257,12.533333333333333,188,1.4666666666666666,0.9333333333333333,0.0,159.4
2025-07-31,6,4.833333333333333,29,13.666666666666666,82,1.0,0.8333333333333334,0.0,102.33333333333333
2025-08-01,3,4.0,12,8.333333333333334,25,1.0,1.0,0.0,96.33333333333333
2025-08-02,4,8.0,32,9.75,39,1.5,1.0,0.0,67.25
2025-08-03,6,3.5,21,10.5,63,1.6666666666666667,1.0,0.0,109.83333333333333
2025-08-04,6,4.0,24,12.0,72,1.1666666666666667,0.8333333333333334,0.0,79.33333333333333
2025-08-05,11,6.15,87,7.45,86,1.0,0.95,0.0,112.8
2025-08-06,8,6.0,42,4.142857142857143,58,1.2857142857142856,1.0,0.0,114.07142857142857
2025-08-07,6,5.333333333333333,32,6.166666666666667,37,1.0,1.0,0.16666666666666666,109.0
2025-08-08,8,13.25,106,18.375,147,1.0,1.0,0.0,123.5
2025-08-09,8,19.25,154,13.0,104,1.25,1.0,0.0,127.625
2025-08-10,4,3.5,14,3.25,13,1.0,0.75,0.0,65.5
2025-08-11,10,6.9,69,7.9,79,1.2,0.8,0.0,103.0
2025-08-12,12,11.666666666666666,140,14.666666666666666,176,1.4166666666666667,0.9166666666666666,0.0,194.5
2025-08-13,9,7.5,100,3.4285714285714284,48,1.2142857142857144,0.5,0.0,61.642857142857146
2025-08-14,8,4.625,37,13.875,111,1.875,1.0,0.0,135.5
2025-08-15,13,7.3076923076923075,95,6.769230769230769,88,1.3846153846153846,1.0,0.0,141.3846153846154
2025-08-16,12,3.9166666666666665,47,11.583333333333334,139,1.3333333333333333,0.9166666666666666,0.0,91.5
2025-08-17,10,12.5,125,11.8,118,1.4,1.0,0.0,147.5
2025-08-18,2,3.0,6,5.5,11,1.5,1.0,0.0,51.5
2025-08-19,7,11.142857142857142,78,6.714285714285714,47,1.5714285714285714,1.0,0.0,252.71428571428572
2025-08-20,8,9.5,76,17.25,138,1.375,1.0,0.0,95.125
2025-08-21,11,3.3636363636363638,37,7.454545454545454,82,1.3636363636363635,0.9090909090909091,0.0,193.8181818181818
2025-08-22,4,25.25,101,49.0,196,1.0,1.0,0.0,108.0
2025-08-23,5,10.0,50,12.2,61,1.2,1.0,0.0,120.6
2025-08-24,9,3.5555555555555554,32,5.333333333333333,48,1.4444444444444444,0.8888888888888888,0.0,88.44444444444444
2025-08-25,5,35.8,179,20.4,102,1.4,0.6,0.0,130.0
2025-08-26,7,6.142857142857143,43,7.142857142857143,50,1.2857142857142858,0.8571428571428571,0.0,96.71428571428571
2025-08-27,16,5.8125,93,8.1875,131,1.625,0.8125,0.0,106.25
2025-08-28,5,2.0,10,8.8,44,1.0,1.0,0.0,77.4
2025-08-29,8,5.875,47,7.375,59,2.0,1.0,0.0,107.125
2025-08-30,10,14.7,147,15.0,150,1.9,0.8,0.0,189.6
2025-08-31,4,3.5,14,14.25,57,1.0,1.0,0.0,80.0
2025-09-01,10,5.5,55,10.2,102,1.1,0.9,0.0,114.8
2025-09-02,10,3.3,33,8.5,85,1.1,1.0,0.0,80.5
2025-09-03,6,2.8333333333333335,17,9.166666666666666,55,1.3333333333333333,0.6666666666666666,0.0,91.0
2025-09-04,6,4.0,24,10.333333333333334,62,1.3333333333333333,0.8333333333333334,0.0,128.5
2025-09-05,11,3.3636363636363638,37,8.818181818181818,97,1.1818181818181819,0.9090909090909091,0.0,91.0
2025-09-06,12,10.083333333333334,121,9.0,108,1.3333333333333333,0.9166666666666666,0.0,101.58333333333333
2025-09-07,10,8.7,87,8.8,88,1.0,0.9,0.0,94.0
2025-09-08,8,3.625,29,6.375,51,2.0,1.0,0.0,116.625
2025-09-09,3,8.0,24,27.666666666666668,83,1.3333333333333333,1.0,0.0,122.0
2025-09-10,6,10.0,60,14.333333333333334,86,1.1666666666666667,1.0,0.0,98.83333333333333
2025-09-11,6,12.5,75,14.0,84,1.1666666666666667,1.0,0.0,159.16666666666666
2025-09-12,2,5.0,10,10.5,21,1.5,1.0,0.0,77.5
2025-09-13,7,22.714285714285715,159,17.714285714285715,124,1.4285714285714286,0.8571428571428571,0.0,94.42857142857143
2025-09-14,9,5.222222222222222,47,5.111111111111111,46,1.1111111111111112,0.8888888888888888,0.0,116.11111111111111
2025-09-15,9,16.666666666666668,150,16.22222222222222,146,1.6666666666666667,1.0,0.0,101.88888888888889
2025-09-16,8,18.625,149,14.625,117,1.5,1.0,0.0,150.375
2025-09-17,8,2.75,22,9.75,78,1.5,1.0,0.0,147.375
2025-09-18,15,16.733333333333334,251,21.333333333333332,320,1.6,0.8666666666666667,0.0,145.33333333333334
2025-09-19,14,5.285714285714286,74,7.357142857142857,103,1.5,0.9285714285714286,0.07142857142857142,128.07142857142858
2025-09-20,12,15.583333333333334,187,18.916666666666668,227,1.1666666666666667,1.0,0.0,167.16666666666666
2025-09-21,12,3.25,39,6.083333333333333,73,1.1666666666666667,1.0,0.0,152.33333333333334
2025-09-22,8,5.875,47,6.75,54,1.5,1.0,0.0,117.375
2025-09-23,16,3.5625,57,7.0,112,1.3125,1.0,0.0,107.8125
2025-09-24,4,1.25,5,4.25,17,1.0,0.75,0.0,70.25
2025-09-25,8,11.875,95,9.125,73,1.25,1.0,0.0,142.0
2025-09-26,8,2.875,23,6.25,50,1.25,0.875,0.0,99.625
2025-09-27,9,5.607142857142858,61,11.892857142857142,139,1.3214285714285714,1.0,0.0,90.46428571428572
2025-09-28,12,15.5,186,15.666666666666666,188,1.3333333333333333,0.9166666666666666,0.0,101.41666666666667
2025-09-29,15,5.333333333333333,80,12.533333333333333,188,1.2,1.0,0.0,109.0
2025-09-30,16,5.133333333333333,70,7.933333333333334,140,1.6333333333333333,1.0,0.0,161.23333333333335
2025-10-01,13,5.846153846153846,76,7.923076923076923,103,1.7692307692307692,1.0,0.0,114.92307692307692
2025-10-02,12,5.5,66,9.5,114,1.5833333333333333,1.0,0.0,142.16666666666666
2025-10-03,12,5.0,60,8.5,102,1.1666666666666667,1.0,0.0,123.58333333333333
2025-10-04,9,3.111111111111111,28,4.666666666666667,42,1.3333333333333333,0.8888888888888888,0.0,109.88888888888889
2025-10-05,14,2.230769230769231,46,3.6153846153846154,82,1.6923076923076923,0.9615384615384616,0.0,127.23076923076923
2025-10-06,10,2.7222222222222223,25,9.222222222222221,70,1.2222222222222223,1.0,0.0,98.94444444444444
2025-10-07,10,3.0,30,7.0,70,1.2,1.0,0.0,84.3
2025-10-08,10,3.5,35,8.2,82,1.5,0.9,0.0,112.5
2025-10-09,8,1.875,15,5.875,47,1.625,1.0,0.0,111.625
2025-10-10,8,3.2142857142857144,39,3.9285714285714284,55,1.6428571428571428,1.0,0.0,140.85714285714286
2025-10-11,3,7.75,22,6.75,24,2.0,0.75,0.0,192.75
2025-10-12,6,3.8333333333333335,23,5.666666666666667,34,2.3333333333333335,1.0,0.0,179.0
2025-10-13,7,4.0,28,10.285714285714286,72,1.1428571428571428,1.0,0.0,70.14285714285714
2025-10-14,17,5.1875,91,6.65625,123,1.125,0.96875,0.0,140.96875
2025-10-15,13,2.375,46,4.791666666666667,104,1.25,1.0,0.0,79.125
2025-10-16,6,7.0,42,12.666666666666666,76,1.1666666666666667,1.0,0.0,89.33333333333333
2025-10-17,10,6.6,66,11.7,117,1.3,1.0,0.0,98.7
2025-10-18,13,5.846153846153846,76,13.846153846153847,180,1.4615384615384615,0.9230769230769231,0.0,110.23076923076923
2025-10-19,9,3.3333333333333335,30,11.333333333333334,102,1.6666666666666667,0.8888888888888888,0.0,129.88888888888889
2025-10-20,11,3.727272727272727,41,5.090909090909091,56,1.0909090909090908,1.0,0.0,137.45454545454547
2025-10-21,10,2.333333333333333,34,3.7222222222222223,67,1.2222222222222223,0.3888888888888889,0.0,54.5
2025-10-22,6,5.166666666666667,31,6.666666666666667,40,1.3333333333333333,0.6666666666666666,0.0,124.33333333333333
2025-10-23,2,2.5,5,4.5,9,1.0,1.0,0.0,74.0
2025-10-24,7,2.7142857142857144,19,4.857142857142857,34,1.1428571428571428,0.8571428571428571,0.0,88.0
2025-10-25,11,4.363636363636363,48,6.454545454545454,71,1.1818181818181819,0.9090909090909091,0.0,108.36363636363636
2025-10-26,5,3.8,19,7.2,36,1.0,0.6,0.0,43.4
2025-10-27,9,3.5555555555555554,32,8.666666666666666,78,1.3333333333333333,1.0,0.0,89.77777777777777
2025-10-28,7,4.35,33,7.25,62,1.2,0.75,0.0,77.45
2025-10-29,17,3.411764705882353,58,5.647058823529412,96,1.2352941176470589,0.8823529411764706,0.0,105.17647058823529
2025-10-30,4,11.25,45,14.75,59,1.5,1.0,0.0,167.75
2025-10-31,5,4.2,21,6.0,30,1.6,0.8,0.0,80.6
2025-11-01,5,6.2,31,6.6,33,1.0,1.0,0.0,112.2
2025-11-02,2,9.5,19,24.0,48,2.0,1.0,0.0,76.5
2025-11-03,7,7.285714285714286,51,16.0,112,1.5714285714285714,1.0,0.0,96.42857142857143
2025-11-04,4,7.5,27,9.5,29,1.0,1.0,0.0,82.33333333333334
2025-11-05,7,7.75,68,7.0,74,1.25,1.0,0.0,67.66666666666666
2025-11-06,6,11.0,98,9.4,78,1.1,0.9,0.0,210.4
2025-11-07,4,4.5,18,18.25,73,1.25,1.0,0.0,111.25
2025-11-08,2,7.0,14,22.5,45,1.0,1.0,0.0,67.0
2025-11-09,5,26.25,189,7.625,52,1.875,1.0,0.0,206.75
2025-11-10,3,1.3333333333333333,4,7.666666666666667,23,1.3333333333333333,0.6666666666666666,0.0,161.33333333333334
2025-11-11,7,2.0,11,3.1,28,1.25,1.0,0.0,143.85
2025-11-12,6,6.166666666666667,37,22.833333333333332,137,1.0,1.0,0.0,162.66666666666666
2025-11-13,4,9.25,37,29.25,117,1.75,1.0,0.0,100.25
2025-11-14,4,6.666666666666667,34,10.5,59,1.1666666666666665,1.0,0.0,149.33333333333334
2025-11-15,4,8.75,35,11.25,45,1.5,1.0,0.0,133.75
2025-11-16,9,7.555555555555555,68,7.777777777777778,70,1.3333333333333333,0.7777777777777778,0.0,118.11111111111111
2025-11-17,2,2.5,5,14.5,29,5.0,1.0,0.0,390.5
2025-11-18,6,13.166666666666666,79,12.0,72,1.3333333333333333,1.0,0.0,149.33333333333334
2025-11-19,7,5.6,44,11.8,91,1.35,1.0,0.0,298.7
2025-11-20,4,5.333333333333334,20,8.833333333333332,37,1.6666666666666665,1.0,0.0,267.6666666666667
2025-11-21,6,12.166666666666666,73,16.666666666666668,100,2.5,0.8333333333333334,0.0,147.16666666666666
2025-11-22,14,5.0,70,7.269230769230769,153,1.6538461538461537,0.9615384615384616,0.0,109.92307692307692
2025-11-23,7,5.857142857142857,41,18.0,126,1.4285714285714286,1.0,0.0,136.71428571428572
2025-11-24,7,6.571428571428571,46,14.0,98,1.1428571428571428,0.8571428571428571,0.0,124.0
2025-11-25,5,3.4,17,4.8,24,1.4,1.0,0.0,245.6
2025-11-26,7,5.833333333333333,70,6.416666666666667,77,1.75,0.9166666666666667,0.0,264.66666666666663
2025-11-27,6,2.5,21,3.2,32,1.3,1.0,0.0,138.8
2025-11-28,6,5.0,30,8.666666666666666,52,1.1666666666666667,0.8333333333333334,0.0,150.83333333333334
2025-11-30,3,42.666666666666664,128,9.666666666666666,29,1.0,0.6666666666666666,0.0,45.333333333333336
2025-12-01,2,1.5,3,2.0,4,1.0,0.5,0.0,32.0
2025-12-02,10,11.666666666666666,123,8.722222222222221,108,1.111111111111111,1.0,0.0,176.88888888888889
2025-12-03,10,3.0,30,8.399999999999999,84,1.1,0.6,0.0,44.0
2025-12-04,4,12.25,49,26.0,104,1.0,1.0,0.0,125.5
2025-12-05,9,6.611111111111111,42,15.0,93,1.111111111111111,0.8333333333333334,0.0,89.55555555555554
2025-12-06,9,2.6222222222222222,28,1.5333333333333332,17,1.0666666666666667,0.26666666666666666,0.0,25.2
2025-12-07,7,3.75,35,4.666666666666667,51,1.25,0.9166666666666667,0.0,146.0
2025-12-08,11,11.083333333333334,112,6.316666666666666,72,1.0,0.8,0.0,67.08333333333334
2025-12-09,10,16.833333333333332,141,4.625,43,1.0833333333333335,0.7083333333333333,0.0,145.66666666666666
2025-12-10,14,13.866666666666667,234,6.341666666666666,130,1.325,0.7166666666666667,0.0,50.09166666666667
2025-12-11,7,5.55,48,6.3,57,2.95,0.75,0.0,261.4
2025-12-12,13,7.119047619047619,95,4.464285714285714,59,1.2857142857142856,0.75,0.0,146.6547619047619
2025-12-13,8,3.0,24,5.0,40,1.375,1.0,0.0,85.375
2025-12-14,9,3.0714285714285716,43,13.357142857142858,142,1.1428571428571428,1.0,0.0,141.53571428571428
2025-12-15,9,4.525,44,6.225,57,1.225,0.775,0.0,96.375
2025-12-16,13,4.461538461538462,58,6.769230769230769,88,1.1538461538461537,0.8461538461538461,0.0,109.92307692307692
2025-12-17,16,5.366666666666667,119,23.933333333333334,270,1.7666666666666666,1.0,0.0,226.26666666666665
2025-12-18,6,8.3,79,8.5,81,1.3,0.5,0.0,134.7
2025-12-19,5,20.166666666666668,91,10.75,53,1.1666666666666665,0.8333333333333333,0.0,152.16666666666669
2025-12-20,7,39.875,253,12.125,82,1.3333333333333335,0.8333333333333333,0.0,136.45833333333334
2025-12-21,16,7.15079365079365,117,12.285714285714285,192,1.2936507936507935,1.0,0.07142857142857142,186.71428571428572
2025-12-22,11,16.94642857142857,187,15.928571428571429,187,1.5178571428571428,0.9285714285714286,0.0,187.03571428571428
2025-12-23,15,6.194444444444445,95,8.38888888888889,126,1.3333333333333333,0.8888888888888888,0.0,113.69444444444444
2025-12-24,16,29.036363636363635,316,31.136363636363637,343,1.3636363636363638,1.0,0.0,201.3090909090909
2025-12-25,9,10.575,87,11.4,99,1.325,1.0,0.0,153.6
2025-12-26,12,46.3125,392,25.375,237,1.3125,1.0,0.0,174.9375
2025-12-27,12,36.916666666666664,443,16.5,198,2.0833333333333335,0.8333333333333333,0.0,175.58333333333331
2025-12-28,19,14.85,292,28.3,556,1.2166666666666668,1.0,0.0,174.8388888888889
2025-12-29,17,20.712121212121215,294,17.325757575757574,267,1.537878787878788,0.7045454545454546,0.0,114.67424242424242
2025-12-30,12,18.7,195,10.057142857142857,112,1.3571428571428572,0.9285714285714286,0.0,139.57142857142856
2025-12-31,15,6.3500000000000005,115,9.2,138,1.6,0.8,0.0,168.35
2026-01-01,24,7.9526315789473685,179,15.457894736842107,285,1.368421052631579,0.9736842105263157,0.0,212.0105263157895
2026-01-02,18,13.821428571428571,217,12.017857142857142,164,1.3392857142857144,0.7857142857142857,0.0,151.66071428571428
2026-01-03,22,19.837606837606835,438,11.982905982905983,256,1.170940170940171,0.9230769230769231,0.0,138.4059829059829
2026-01-04,14,19.377777777777776,248,17.71111111111111,218,1.5222222222222221,0.7444444444444445,0.0,152.82222222222222
2026-01-05,26,4.785714285714286,163,4.827067669172932,156,1.4511278195488722,0.5902255639097744,0.0,82.99624060150376
2026-01-06,24,6.0,198,6.111111111111111,152,1.3333333333333333,0.7222222222222222,0.0,94.05555555555554
2026-01-07,17,11.479166666666668,192,26.229166666666668,432,1.2361111111111112,1.0,0.0,155.59722222222223
2026-01-08,7,6.5,73,8.416666666666668,91,1.3333333333333335,1.0,0.0,139.83333333333334
2026-01-09,12,12.625,185,11.75,151,1.5625,0.9375,0.0,102.5625
2026-01-10,13,6.694444444444445,78,17.11111111111111,178,1.3055555555555556,0.9444444444444444,0.0,169.51388888888889
2026-01-11,17,8.211538461538462,137,7.346153846153846,155,1.0769230769230769,0.7596153846153846,0.0,85.27884615384616
2026-01-12,18,26.56923076923077,342,22.707692307692305,296,1.2307692307692308,0.9615384615384616,0.0,123.7
2026-01-13,15,27.214285714285715,403,23.07142857142857,341,1.1339285714285714,0.875,0.0,120.91964285714286
2026-01-14,27,9.395604395604394,254,9.054945054945055,244,1.543956043956044,0.6978021978021978,0.0,191.83241758241758
2026-01-15,12,9.916666666666668,119,8.5,102,1.5833333333333335,1.0,0.0,175.0
2026-01-16,27,21.82236842105263,458,20.536184210526315,416,1.5427631578947367,0.8947368421052632,0.0,154.57236842105263
2026-01-17,17,59.93939393939394,1282,18.60606060606061,311,1.356060606060606,1.0,0.0,221.64393939393938
2026-01-18,20,2.284313725490196,59,9.147058823529411,157,1.1470588235294117,0.8823529411764706,0.0,104.93137254901961
2026-01-19,20,12.580808080808081,261,26.929292929292927,560,1.5454545454545454,0.9545454545454546,0.0,149.07575757575756
2026-01-20,21,11.071428571428573,238,20.607142857142858,429,1.2142857142857144,0.8571428571428572,0.0,146.96428571428572
2026-01-21,29,18.27857142857143,545,13.669047619047618,400,1.3452380952380953,1.0,0.03571428571428571,161.11428571428573
2026-01-22,15,3.232142857142857,47,7.633928571428571,113,1.3928571428571428,1.0,0.0,172.11607142857144
2026-01-23,20,5.708333333333333,100,14.145833333333332,267,1.3958333333333335,0.9583333333333333,0.0,146.10416666666669
2026-01-24,12,16.942857142857143,228,10.985714285714286,127,1.4,1.0,0.0,313.2142857142857
2026-01-25,13,7.861111111111111,119,4.319444444444445,59,1.3888888888888888,0.6388888888888888,0.0,112.63888888888889
2026-01-26,22,23.675,485,21.84166666666667,467,1.575,0.8083333333333333,0.0,163.85833333333335
2026-01-27,17,17.692857142857143,323,16.185714285714287,295,1.55,0.8785714285714286,0.0,442.5357142857143
2026-01-28,30,21.683257918552037,712,16.165158371040725,517,1.4366515837104072,0.9117647058823529,0.0,142.15610859728508
2026-01-29,20,12.895833333333334,226,12.333333333333334,223,1.3125,0.75,0.0,120.72916666666666
2026-01-30,19,36.42261904761905,537,23.458333333333332,358,1.2678571428571428,0.8571428571428572,0.0,93.38690476190476
2026-01-31,19,8.825641025641024,177,9.497435897435897,220,1.1794871794871795,0.923076923076923,0.0,165.56923076923076
2026-02-01,10,24.099999999999998,241,13.899999999999999,139,1.2999999999999998,0.8,0.0,164.7
2026-02-02,17,4.575757575757576,89,6.916666666666667,133,1.4015151515151516,1.0,0.0,114.45454545454545
2026-02-03,9,3.75,40,9.964285714285714,122,1.0,1.0,0.0,181.32142857142856
2026-02-04,14,36.12121212121212,272,13.848484848484848,158,1.1666666666666665,0.9545454545454546,0.0,158.36363636363637
2026-02-05,11,9.65,103,17.0,192,1.1,1.0,0.0,233.01666666666665
2026-02-06,14,6.642857142857142,93,4.642857142857142,65,1.0714285714285714,0.9285714285714286,0.0,106.78571428571428
2026-02-07,13,11.5875,129,16.925,203,1.2875,0.9375,0.0,146.7375
2026-02-08,12,3.428571428571429,38,12.314285714285713,150,1.1428571428571428,0.9,0.0,160.32857142857142
2026-02-09,10,5.5,55,6.6,66,1.2,0.9,0.0,108.4
2026-02-10,20,7.297979797979798,149,9.106060606060606,187,1.1464646464646466,0.8434343434343434,0.0,98.22727272727272
2026-02-11,17,7.243055555555555,118,9.319444444444445,155,1.1805555555555556,0.8333333333333333,0.0,96.66666666666666
2026-02-12,14,4.666666666666667,72,6.145833333333333,94,1.125,0.6875,0.0,107.0
2026-02-13,15,46.94444444444444,610,15.36111111111111,205,1.1944444444444446,0.8055555555555556,0.0,150.16666666666669
2026-02-14,18,8.366666666666667,212,9.185714285714285,240,1.4476190476190478,0.8523809523809524,0.0,152.03333333333333
2026-02-15,17,11.442857142857143,186,9.307142857142857,157,1.4142857142857141,1.0,0.0,163.7642857142857
2026-02-16,12,5.333333333333333,64,15.083333333333332,181,1.3333333333333335,1.0,0.0,194.0
2026-02-17,23,2.1653846153846157,50,8.080769230769231,187,1.126923076923077,0.5961538461538461,0.0,92.74615384615385
2026-02-18,15,29.22222222222222,378,15.472222222222221,220,1.1944444444444446,0.8611111111111112,0.0,232.0
2026-02-19,21,2.1746031746031744,61,4.015873015873016,125,1.246031746031746,0.8095238095238096,0.023809523809523808,86.8015873015873
2026-02-20,19,5.647727272727273,107,7.011363636363637,134,1.1534090909090908,0.8295454545454546,0.0,120.70454545454545
2026-02-21,9,12.666666666666666,100,21.833333333333332,178,1.4166666666666667,0.9166666666666667,0.0,270.9166666666667
2026-02-22,24,6.57070707070707,219,6.217171717171717,215,1.446969696969697,0.9419191919191919,0.0,200.37373737373738
2026-02-23,24,35.0625,709,17.0625,361,1.28125,0.96875,0.0,114.5
2026-02-24,13,23.40277777777778,220,17.65277777777778,179,1.2222222222222223,0.8194444444444444,0.0,149.33333333333331
2026-02-25,17,4.464285714285714,81,4.761904761904762,93,1.4047619047619047,0.9285714285714286,0.0,77.39285714285714
2026-02-26,16,6.183333333333333,111,6.15,115,1.3666666666666667,0.8333333333333333,0.0,120.06666666666666
2026-02-27,18,13.779220779220779,226,16.551948051948052,303,1.5714285714285714,0.9285714285714286,0.0,188.84415584415586
2026-02-28,19,32.76190476190476,562,15.226190476190478,294,1.380952380952381,0.9285714285714286,0.0,216.91071428571428
2026-03-01,21,58.169117647058826,1955,31.404411764705884,954,1.3014705882352942,0.8161764705882353,0.0,134.11764705882354
2026-03-02,15,6.888888888888888,118,6.5,139,1.486111111111111,0.9027777777777778,0.0,157.45833333333334
2026-03-03,17,6.347222222222222,105,13.465277777777779,236,1.4375,0.9444444444444444,0.0,114.35416666666667
2026-03-04,18,11.175,191,15.325,260,1.175,0.8875,0.0,169.1125
2026-03-05,13,6.483333333333334,97,11.916666666666668,131,1.55,0.95,0.0,242.38333333333333
2026-03-06,31,24.218487394957982,781,15.65126050420168,503,1.596638655462185,0.7815126050420168,0.0,140.8970588235294
2026-03-07,27,42.0,1192,20.025,559,1.5416666666666667,0.7833333333333333,0.0,115.07499999999999
2026-03-08,26,25.06060606060606,730,14.90909090909091,424,1.5818181818181818,0.8212121212121212,0.0,138.33030303030304
2026-03-09,33,12.174603174603176,523,9.116402116402117,426,1.097883597883598,0.8862433862433864,0.0,125.85449735449735
2026-03-10,15,43.63888888888889,782,13.666666666666668,221,1.1944444444444446,0.8888888888888888,0.0,79.25
2026-03-11,14,10.4,136,12.333333333333332,178,1.3666666666666667,0.9444444444444444,0.0,286.77777777777777
2026-03-12,10,2.1904761904761907,28,9.80952380952381,76,1.3095238095238095,0.9285714285714286,0.0,118.26190476190476
2026-03-13,15,7.634920634920635,145,7.26984126984127,138,1.3095238095238095,0.626984126984127,0.0,133.96031746031747
2026-03-14,13,9.416666666666666,168,10.714285714285714,179,1.3452380952380951,0.8571428571428571,0.0,142.5357142857143
2026-03-15,14,3.3777777777777778,56,11.777777777777779,168,1.2777777777777777,0.6888888888888889,0.0,206.35555555555555
2026-03-16,18,14.2625,277,14.6125,266,1.3375,0.95,0.05,128.475
2026-03-17,15,3.65,48,7.449999999999999,111,1.2,0.75,0.0,88.69999999999999
2026-03-18,12,14.985714285714288,183,16.742857142857144,188,1.5285714285714285,1.0,0.0,359.3857142857143
2026-03-19,22,9.458333333333332,217,9.358333333333333,211,1.225,0.9083333333333333,0.0,167.23333333333332
2026-03-20,6,1.75,13,6.5,32,1.75,0.75,0.0,268.875
2026-03-21,9,6.583333333333333,64,11.416666666666666,90,1.25,0.8333333333333333,0.0,115.33333333333334
2026-03-22,19,16.073863636363637,288,16.0,298,1.4090909090909092,0.8295454545454546,0.0,220.9431818181818
2026-03-23,14,13.566666666666666,225,16.533333333333335,248,1.6,0.8444444444444444,0.0,171.9111111111111
2026-03-24,24,15.089285714285715,384,11.011904761904761,305,1.3988095238095237,0.8452380952380952,0.0,456.8452380952381
2026-03-25,20,4.8999999999999995,98,5.8999999999999995,118,1.35,0.75,0.0,101.45
2026-03-26,25,2.6363636363636362,61,0.6136363636363636,15,1.2694805194805197,0.8474025974025974,0.0,104.32792207792207
