date,post_count,vader_compound_mean,vader_compound_std,vader_compound_sum,lm_net_mean,lm_net_std,lm_negative_mean,lm_positive_mean,lm_uncertainty_mean,lm_litigious_mean,pct_positive_vader,pct_negative_vader,pct_neutral_vader,pct_positive_lm,pct_negative_lm,pct_neutral_lm
2025-04-01,1,0.8666,,0.8666,0.007352941176470588,,2.0,3.0,2.0,0.0,1.0,0.0,0.0,1.0,0.0,0.0
2025-04-02,4,0.36745,0.42762136289011565,1.4698,0.0,0.0,0.0,0.0,0.25,0.0,0.5,0.0,0.5,0.0,0.0,1.0
2025-04-03,12,0.44854166666666667,0.4203940823438134,5.3825,-0.005296039688958934,0.01783699502562273,0.8333333333333334,0.6666666666666666,0.9166666666666666,0.08333333333333333,0.6666666666666666,0.08333333333333333,0.25,0.16666666666666666,0.16666666666666666,0.6666666666666666
2025-04-04,5,0.35718,0.7900806237340591,1.7859,0.002116589805490811,0.01752963558090158,1.4,2.8,1.8,0.2,0.6,0.2,0.2,0.6,0.2,0.2
2025-04-05,6,0.2617333333333333,0.7106225571051531,1.5704,0.0029755922250851254,0.0070230999804438195,1.1666666666666667,1.5,1.1666666666666667,0.16666666666666666,0.6666666666666666,0.16666666666666666,0.16666666666666666,0.3333333333333333,0.16666666666666666,0.5
2025-04-06,4,0.726,0.417100651322116,2.904,-0.013616071428571429,0.017180251254369516,1.75,0.75,0.75,0.0,1.0,0.0,0.0,0.0,0.5,0.5
2025-04-07,10,0.10907,0.7411823258221362,1.0907,-0.024234328981810892,0.047529406722053254,1.1,0.9,0.7,0.0,0.6,0.4,0.0,0.3,0.4,0.3
2025-04-08,4,0.48619999999999997,0.6425629567080049,1.9447999999999999,-0.00024703557312252995,0.01815557408789171,0.25,0.5,0.75,0.0,0.75,0.25,0.0,0.25,0.25,0.5
2025-04-09,13,0.7005538461538462,0.4505306068318863,9.1072,0.007826440061497257,0.01925385206565228,0.7692307692307693,1.9230769230769231,1.8461538461538463,0.0,0.8461538461538461,0.15384615384615385,0.0,0.5384615384615384,0.23076923076923078,0.23076923076923078
2025-04-10,5,0.46658,0.7206782895300787,2.3329,0.0069521239688535965,0.032246321898880534,0.8,1.2,0.2,0.2,0.8,0.2,0.0,0.4,0.4,0.2
2025-04-11,14,0.5504142857142857,0.6576827150126219,7.7058,0.011705087413521192,0.027470354057942396,3.5714285714285716,4.571428571428571,2.0714285714285716,0.14285714285714285,0.7857142857142857,0.21428571428571427,0.0,0.6428571428571429,0.14285714285714285,0.21428571428571427
2025-04-12,5,0.4913600000000001,0.5911148729308036,2.4568000000000003,0.008737965386338187,0.03699664606252381,1.4,1.4,1.0,0.0,0.8,0.2,0.0,0.4,0.6,0.0
2025-04-13,3,0.46559999999999996,0.5631257142059843,1.3967999999999998,-0.011754203243564946,0.010812451896458363,1.6666666666666667,0.3333333333333333,1.3333333333333333,0.0,0.6666666666666666,0.3333333333333333,0.0,0.0,0.6666666666666666,0.3333333333333333
2025-04-14,8,0.5152625,0.5742872898210442,4.1221,-0.0015103159252095424,0.016794087596399537,0.375,0.875,0.75,0.0,0.75,0.125,0.125,0.25,0.125,0.625
2025-04-15,5,0.75288,0.24704120506506602,3.7644,0.015563129401385567,0.027429603538928447,0.8,2.0,0.4,0.0,1.0,0.0,0.0,0.8,0.2,0.0
2025-04-16,5,0.5690999999999999,0.6368968872588403,2.8455,0.004815020468600296,0.012841966385088789,0.4,0.6,0.8,0.0,0.8,0.2,0.0,0.4,0.2,0.4
2025-04-17,1,0.918,,0.918,0.023255813953488372,,0.0,1.0,0.0,0.0,1.0,0.0,0.0,1.0,0.0,0.0
2025-04-18,5,0.13154,0.7513869329446713,0.6577,-0.001985089507596613,0.020210442786159803,1.0,0.4,1.0,0.0,0.4,0.6,0.0,0.2,0.4,0.4
2025-04-19,4,0.8585,0.25490114423700283,3.434,0.005751038243795397,0.0038802791882392106,1.25,3.0,2.5,0.25,1.0,0.0,0.0,0.75,0.0,0.25
2025-04-20,5,0.28734000000000004,0.5486083648651376,1.4367,0.004651162790697674,0.010400316174417626,0.4,0.6,0.0,0.0,0.6,0.2,0.2,0.2,0.0,0.8
2025-04-21,8,0.6378625,0.4191231968134702,5.1029,0.0018490219825370656,0.013980713711869373,0.5,0.625,1.125,0.125,0.75,0.0,0.25,0.375,0.375,0.25
2025-04-22,6,0.2839,0.7634687524712456,1.7034,0.004385612955200583,0.020236671235829815,1.3333333333333333,1.8333333333333333,0.6666666666666666,0.16666666666666666,0.5,0.5,0.0,0.5,0.3333333333333333,0.16666666666666666
2025-04-23,3,0.6335666666666667,0.23193381239770391,1.9007,0.003436426116838488,0.005952064630820884,0.0,0.6666666666666666,1.0,0.0,1.0,0.0,0.0,0.3333333333333333,0.0,0.6666666666666666
2025-04-24,16,0.66396875,0.4101912069896997,10.6235,-0.0025834994937802918,0.023992190080136547,1.25,1.1875,1.5625,0.0,0.9375,0.0625,0.0,0.3125,0.375,0.3125
2025-04-25,7,0.2075428571428571,0.6645091919533366,1.4527999999999999,0.005989062291583301,0.008603696427419007,0.42857142857142855,1.1428571428571428,0.5714285714285714,0.14285714285714285,0.42857142857142855,0.14285714285714285,0.42857142857142855,0.42857142857142855,0.0,0.5714285714285714
2025-04-26,5,0.54186,0.8307205715521916,2.7093,-0.002800627581001158,0.024856521209343004,1.8,1.4,1.0,0.0,0.8,0.2,0.0,0.4,0.4,0.2
2025-04-28,6,0.5021166666666667,0.5812623415177236,3.0126999999999997,0.010467700637810676,0.02661614486602881,1.1666666666666667,1.5,0.3333333333333333,0.16666666666666666,0.6666666666666666,0.16666666666666666,0.16666666666666666,0.3333333333333333,0.3333333333333333,0.3333333333333333
2025-04-29,4,0.17665,0.3645025880109312,0.7066,-0.005889679715302491,0.009555298204621858,1.0,0.25,2.5,0.0,0.75,0.25,0.0,0.0,0.5,0.5
2025-04-30,6,-0.016366666666666658,0.7392777574543054,-0.09819999999999995,-0.010767156976834396,0.012877381244259866,2.3333333333333335,1.0,1.0,0.3333333333333333,0.5,0.5,0.0,0.0,0.6666666666666666,0.3333333333333333
2025-05-01,9,0.5236666666666667,0.5126361672765588,4.713,-0.0015308011116651125,0.01433637455126124,1.3333333333333333,0.8888888888888888,0.7777777777777778,0.2222222222222222,0.8888888888888888,0.1111111111111111,0.0,0.2222222222222222,0.4444444444444444,0.3333333333333333
2025-05-02,4,0.173975,0.679295107077918,0.6959,-0.001889912591542641,0.01310647909915445,0.25,0.25,1.25,0.25,0.5,0.25,0.25,0.25,0.25,0.5
2025-05-03,8,0.6330250000000001,0.6165093667461301,5.0642000000000005,-0.0018161021834483299,0.017091640605393862,5.5,3.375,2.875,0.125,0.875,0.125,0.0,0.375,0.375,0.25
2025-05-04,6,0.3548833333333333,0.4902303516375406,2.1292999999999997,-0.002759879725085911,0.004464125973284472,1.6666666666666667,0.3333333333333333,2.0,0.0,0.6666666666666666,0.3333333333333333,0.0,0.0,0.3333333333333333,0.6666666666666666
2025-05-05,5,0.1527,0.8046973375126825,0.7635000000000001,-0.009471162704993551,0.01927456407383196,2.2,1.6,0.6,0.0,0.6,0.4,0.0,0.2,0.4,0.4
2025-05-06,4,-0.008575000000000027,0.8082214316015135,-0.03430000000000011,-0.018292682926829267,0.036585365853658534,1.5,0.75,0.25,0.25,0.5,0.5,0.0,0.0,0.25,0.75
2025-05-07,6,0.4759166666666667,0.7958520953460302,2.8555,-0.0021243855589018865,0.007051524282810202,2.3333333333333335,1.6666666666666667,2.1666666666666665,0.16666666666666666,0.6666666666666666,0.16666666666666666,0.16666666666666666,0.16666666666666666,0.3333333333333333,0.5
2025-05-08,6,0.5896833333333333,0.31854732406138125,3.5381,0.0006526895786210593,0.020572035334774315,1.0,1.0,0.16666666666666666,0.0,1.0,0.0,0.0,0.5,0.5,0.0
2025-05-09,3,0.7344666666666667,0.40798725878798386,2.2034000000000002,0.017751672377223037,0.023532628587637505,0.0,1.3333333333333333,1.3333333333333333,0.0,1.0,0.0,0.0,0.6666666666666666,0.0,0.3333333333333333
2025-05-11,2,0.44620000000000004,0.3449266878627979,0.8924000000000001,-0.012152777777777776,0.06138079697799891,1.0,1.0,0.5,0.0,1.0,0.0,0.0,0.5,0.5,0.0
2025-05-12,7,0.6505857142857143,0.31745688121156146,4.5541,0.003214360140552696,0.012745920044723838,0.7142857142857143,0.7142857142857143,0.5714285714285714,0.0,0.8571428571428571,0.0,0.14285714285714285,0.42857142857142855,0.14285714285714285,0.42857142857142855
2025-05-13,7,0.5556285714285715,0.4560036648766679,3.8894,0.00010175010175010204,0.01334316989637349,0.5714285714285714,0.2857142857142857,0.2857142857142857,0.14285714285714285,0.8571428571428571,0.14285714285714285,0.0,0.2857142857142857,0.2857142857142857,0.42857142857142855
2025-05-14,4,0.25445,0.7668393856169187,1.0178,-0.005980340183376237,0.017139025572270775,2.0,1.25,1.25,0.0,0.75,0.25,0.0,0.25,0.75,0.0
2025-05-15,12,0.6900583333333333,0.3144223085375155,8.2807,0.007065513710751435,0.023873131437731954,2.5833333333333335,2.0833333333333335,1.5833333333333333,0.16666666666666666,0.9166666666666666,0.0,0.08333333333333333,0.5833333333333334,0.25,0.16666666666666666
2025-05-16,4,0.184725,0.8424517844759228,0.7389,-0.0003867151956323928,0.011041766565463015,0.5,0.75,2.25,0.0,0.5,0.5,0.0,0.25,0.25,0.5
2025-05-17,5,0.671,0.2093627115796889,3.355,0.001169343477035785,0.018724198945046955,0.4,1.0,0.4,0.0,1.0,0.0,0.0,0.4,0.2,0.4
2025-05-18,9,0.6109555555555555,0.47997035614481215,5.4986,0.007264215665723913,0.01653349997271613,0.7777777777777778,1.3333333333333333,0.3333333333333333,0.0,0.7777777777777778,0.1111111111111111,0.1111111111111111,0.3333333333333333,0.1111111111111111,0.5555555555555556
2025-05-19,5,0.8218799999999999,0.14780802413942215,4.1094,-0.014254341321982666,0.01564691933640438,1.8,0.2,1.0,0.2,1.0,0.0,0.0,0.0,0.6,0.4
2025-05-20,4,0.673075,0.3620791476551317,2.6923,0.01300599700149925,0.016638020677412473,1.25,2.75,1.0,0.75,1.0,0.0,0.0,0.5,0.0,0.5
2025-05-21,5,0.9480999999999999,0.04496609834086118,4.7405,0.007470623315492827,0.02194110381202484,1.2,1.6,0.8,0.2,1.0,0.0,0.0,0.6,0.2,0.2
2025-05-22,6,0.5429666666666667,0.5397852004887377,3.2578,0.011135392385392386,0.01959986938646174,0.8333333333333334,1.1666666666666667,1.6666666666666667,0.0,0.8333333333333334,0.16666666666666666,0.0,0.5,0.3333333333333333,0.16666666666666666
2025-05-23,4,0.3286,0.22579247108794392,1.3144,-0.010638297872340425,0.02127659574468085,0.5,0.0,0.25,0.0,0.75,0.0,0.25,0.0,0.25,0.75
2025-05-24,2,0.9367,0.047093311627024056,1.8734,0.035897435897435895,0.0036261886214694786,0.0,3.0,0.0,0.0,1.0,0.0,0.0,1.0,0.0,0.0
2025-05-25,3,0.5272333333333333,0.459431326025265,1.5817,-0.007651256992220151,0.00685803515534138,1.6666666666666667,0.6666666666666666,0.0,0.0,0.6666666666666666,0.0,0.3333333333333333,0.0,0.6666666666666666,0.3333333333333333
2025-05-26,11,0.6788090909090909,0.3514040621693081,7.4669,0.006031994392456017,0.007637757653322718,0.18181818181818182,1.1818181818181819,1.0909090909090908,0.09090909090909091,0.9090909090909091,0.0,0.09090909090909091,0.45454545454545453,0.0,0.5454545454545454
2025-05-27,6,0.5720999999999999,0.5183874033963403,3.4326,0.0009361845106306737,0.01318445295232412,1.0,0.8333333333333334,0.5,0.0,0.8333333333333334,0.16666666666666666,0.0,0.5,0.3333333333333333,0.16666666666666666
2025-05-28,5,0.5812,0.5128926544609506,2.906,0.0016275430359937403,0.013028392240094876,0.6,0.8,0.2,0.0,0.8,0.2,0.0,0.2,0.2,0.6
2025-05-29,6,0.4632666666666667,0.6083276178726942,2.7796000000000003,-0.0022432555966321005,0.01203656363925871,1.8333333333333333,1.3333333333333333,1.5,0.0,0.8333333333333334,0.16666666666666666,0.0,0.3333333333333333,0.3333333333333333,0.3333333333333333
2025-05-30,5,0.359,0.6681857638411641,1.795,-0.011904761904761904,0.041239304942116126,0.2,0.2,1.0,0.2,0.6,0.4,0.0,0.2,0.2,0.6
2025-05-31,4,-0.08995,0.736818179743144,-0.3598,0.0018656716417910447,0.0037313432835820895,0.5,1.0,1.5,0.0,0.25,0.75,0.0,0.25,0.0,0.75
2025-06-01,2,-0.07119999999999999,0.8762467232463697,-0.14239999999999997,-0.019701213818860877,0.005413889454462829,2.0,0.5,2.0,0.0,0.5,0.5,0.0,0.0,1.0,0.0
2025-06-02,7,0.35131428571428575,0.545577032228482,2.4592,-0.009936974789915967,0.02332692547890884,1.0,0.42857142857142855,0.8571428571428571,0.0,0.7142857142857143,0.14285714285714285,0.14285714285714285,0.0,0.2857142857142857,0.7142857142857143
2025-06-03,6,0.2866666666666667,0.6641271645300068,1.72,0.007504687038538315,0.03122404403728398,1.6666666666666667,2.0,1.5,0.0,0.6666666666666666,0.16666666666666666,0.16666666666666666,0.6666666666666666,0.3333333333333333,0.0
2025-06-04,6,0.46218333333333333,0.47820719114905275,2.7731,0.009213926288589691,0.018605911197760255,0.3333333333333333,0.8333333333333334,1.1666666666666667,0.0,0.6666666666666666,0.16666666666666666,0.16666666666666666,0.3333333333333333,0.0,0.6666666666666666
2025-06-05,6,0.6552166666666667,0.5275942320255849,3.9313000000000002,0.0004094333442515559,0.008155682010755385,0.8333333333333334,1.0,1.0,0.16666666666666666,0.8333333333333334,0.16666666666666666,0.0,0.16666666666666666,0.16666666666666666,0.6666666666666666
2025-06-06,1,0.802,,0.802,0.0,,0.0,0.0,0.0,0.0,1.0,0.0,0.0,0.0,0.0,1.0
2025-06-07,2,0.2379,0.3364414064885593,0.4758,-0.006993006993006993,0.009889605331280384,3.5,1.5,3.0,0.0,0.5,0.0,0.5,0.0,0.5,0.5
2025-06-08,5,0.4816000000000001,0.5756655843456338,2.4080000000000004,-0.0047619047619047615,0.010647942749998997,0.6,0.2,0.8,0.0,0.6,0.2,0.2,0.0,0.2,0.8
2025-06-09,6,0.6120833333333333,0.4053400025493002,3.6725,0.010552327522874508,0.016352015122396455,0.0,1.3333333333333333,0.5,0.0,0.8333333333333334,0.0,0.16666666666666666,0.3333333333333333,0.0,0.6666666666666666
2025-06-10,9,0.7226111111111111,0.27021775221312,6.5035,0.0061557746341663715,0.02112731052850809,1.1111111111111112,1.3333333333333333,0.4444444444444444,0.0,1.0,0.0,0.0,0.3333333333333333,0.2222222222222222,0.4444444444444444
2025-06-11,10,0.5831500000000001,0.43842641914008784,5.8315,0.0141983102401879,0.03754896420504572,0.6,2.5,1.1,0.0,0.9,0.1,0.0,0.6,0.3,0.1
2025-06-12,8,0.5594625,0.37002809907781714,4.4757,0.008143528986872685,0.015730299064724482,0.375,0.875,0.375,0.0,0.875,0.0,0.125,0.375,0.0,0.625
2025-06-13,6,0.43806666666666666,0.6577662249360837,2.6284,-0.0009338812879538671,0.03692063374307218,1.1666666666666667,1.3333333333333333,0.5,0.16666666666666666,0.6666666666666666,0.16666666666666666,0.16666666666666666,0.3333333333333333,0.3333333333333333,0.3333333333333333
2025-06-14,4,0.90405,0.13195124099454314,3.6162,0.00018224939690908264,0.017556914097791435,1.25,1.5,0.5,0.0,1.0,0.0,0.0,0.5,0.5,0.0
2025-06-15,7,0.1530142857142857,0.6945678258902472,1.0711,-0.0070050125313283204,0.00763850031455917,1.2857142857142858,0.5714285714285714,1.1428571428571428,0.0,0.5714285714285714,0.42857142857142855,0.0,0.0,0.5714285714285714,0.42857142857142855
2025-06-16,10,0.5273100000000001,0.6261895532149635,5.2731,-0.003311777096519049,0.012351916005442578,1.2,0.6,0.5,0.0,0.8,0.2,0.0,0.2,0.4,0.4
2025-06-17,7,0.0033714285714285886,0.6858169112192303,0.02360000000000012,-0.012979566307047883,0.012415918190427951,1.2857142857142858,0.42857142857142855,1.0,0.0,0.2857142857142857,0.7142857142857143,0.0,0.0,0.7142857142857143,0.2857142857142857
2025-06-18,5,0.8428599999999999,0.17650857769524964,4.2143,0.008494208494208493,0.007675641421582646,0.2,1.2,0.8,0.0,1.0,0.0,0.0,0.8,0.0,0.2
2025-06-19,8,0.7539375,0.38384633062687246,6.0315,0.016469323129043312,0.017773420572547268,0.125,1.25,0.375,0.0,0.875,0.125,0.0,0.625,0.0,0.375
2025-06-20,7,0.5108857142857143,0.6536200232259602,3.5762,-0.004884856241347113,0.025326665461047646,2.2857142857142856,1.4285714285714286,1.0,0.14285714285714285,0.7142857142857143,0.14285714285714285,0.14285714285714285,0.14285714285714285,0.42857142857142855,0.42857142857142855
2025-06-21,4,0.5484249999999999,0.5004482948650473,2.1936999999999998,0.013383236911700434,0.017944377579111152,0.25,1.25,0.25,0.0,0.75,0.25,0.0,0.75,0.25,0.0
2025-06-22,14,0.3628,0.5875769802266829,5.0792,8.187965240319816e-05,0.022915816866639956,1.0714285714285714,0.7142857142857143,0.6428571428571429,0.0,0.7142857142857143,0.2857142857142857,0.0,0.2857142857142857,0.42857142857142855,0.2857142857142857
2025-06-23,11,0.7052,0.32549503529239887,7.7572,0.010277128018410395,0.026690203780282862,1.0909090909090908,1.3636363636363635,1.4545454545454546,0.09090909090909091,0.9090909090909091,0.0,0.09090909090909091,0.36363636363636365,0.18181818181818182,0.45454545454545453
2025-06-24,10,0.48846999999999996,0.719897086858022,4.8847,0.010414729400824762,0.028070209762737285,1.2,1.4,0.6,1.2,0.7,0.2,0.1,0.6,0.2,0.2
2025-06-25,12,0.575125,0.48081822330651774,6.9015,0.0016735068266178269,0.015569154670803532,0.9166666666666666,1.0,0.5833333333333334,0.0,0.8333333333333334,0.08333333333333333,0.08333333333333333,0.4166666666666667,0.3333333333333333,0.25
2025-06-26,2,-0.44725,0.6325070157713667,-0.8945,-0.012345679012345678,0.017459426695964134,1.0,0.0,2.0,0.0,0.0,0.5,0.5,0.0,0.5,0.5
2025-06-27,6,0.2399,0.680945892123596,1.4394,-0.0064026792750197,0.01130320758457215,1.5,0.8333333333333334,0.5,0.0,0.5,0.16666666666666666,0.3333333333333333,0.0,0.3333333333333333,0.6666666666666666
2025-06-28,2,0.8033,0.05416437943888954,1.6066,0.0,0.0,0.5,0.5,0.5,0.0,1.0,0.0,0.0,0.0,0.0,1.0
2025-06-29,10,0.6507400000000001,0.44956491856015635,6.5074000000000005,-0.004728624909217617,0.0183551583992769,1.7,1.2,1.5,0.0,0.9,0.1,0.0,0.3,0.5,0.2
2025-06-30,9,0.5773,0.6362603692671736,5.1957,-0.007676626804225151,0.03187334580305444,2.3333333333333335,2.2222222222222223,1.6666666666666667,0.3333333333333333,0.7777777777777778,0.1111111111111111,0.1111111111111111,0.3333333333333333,0.5555555555555556,0.1111111111111111
2025-07-01,11,0.38993636363636364,0.3481809566094254,4.2893,0.006705013139633323,0.055373856479666785,1.0909090909090908,0.36363636363636365,0.5454545454545454,0.09090909090909091,0.7272727272727273,0.09090909090909091,0.18181818181818182,0.2727272727272727,0.5454545454545454,0.18181818181818182
2025-07-02,8,0.26955,0.6341029682044662,2.1564,-0.0009548959338659454,0.015139685799235114,1.25,1.375,1.125,0.0,0.5,0.25,0.25,0.25,0.375,0.375
2025-07-03,11,0.7078363636363636,0.37170562619558845,7.7862,0.005547602829208212,0.016853086485084524,1.4545454545454546,1.4545454545454546,1.1818181818181819,0.09090909090909091,0.9090909090909091,0.09090909090909091,0.0,0.45454545454545453,0.2727272727272727,0.2727272727272727
2025-07-04,3,0.5207999999999999,0.4671046242545668,1.5623999999999998,0.0,0.0,0.6666666666666666,0.6666666666666666,0.6666666666666666,0.6666666666666666,0.6666666666666666,0.0,0.3333333333333333,0.0,0.0,1.0
2025-07-05,11,0.6453090909090909,0.3800048827437496,7.0984,0.004382370520627829,0.009400923089264072,0.36363636363636365,0.6363636363636364,0.45454545454545453,0.18181818181818182,0.8181818181818182,0.0,0.18181818181818182,0.2727272727272727,0.09090909090909091,0.6363636363636364
2025-07-06,13,0.740276923076923,0.4347567560407508,9.6236,0.0016586209071145336,0.037374561221796464,1.0,1.3846153846153846,1.1538461538461537,0.23076923076923078,0.9230769230769231,0.07692307692307693,0.0,0.46153846153846156,0.23076923076923078,0.3076923076923077
2025-07-07,19,0.05677894736842104,0.6599284418943107,1.0787999999999998,-0.008477607767655802,0.012074400371870832,1.368421052631579,0.42105263157894735,1.0526315789473684,0.0,0.5263157894736842,0.42105263157894735,0.05263157894736842,0.0,0.42105263157894735,0.5789473684210527
2025-07-08,11,0.8724,0.12635063118164466,9.5964,0.0024441468947634893,0.011430013935951984,1.8181818181818181,1.6363636363636365,1.0,0.09090909090909091,1.0,0.0,0.0,0.36363636363636365,0.18181818181818182,0.45454545454545453
2025-07-09,9,0.6405333333333334,0.34425987277055686,5.7648,0.0020432441249744696,0.01908392024128329,0.5555555555555556,0.4444444444444444,0.7777777777777778,0.0,0.8888888888888888,0.0,0.1111111111111111,0.2222222222222222,0.3333333333333333,0.4444444444444444
2025-07-10,8,0.5986875,0.5968749652206422,4.7895,0.003845176931295306,0.010372469485141426,0.75,1.5,0.875,0.25,0.875,0.125,0.0,0.5,0.125,0.375
2025-07-11,8,0.6969625,0.251585611316364,5.5757,0.0041975404609463545,0.01105244789030464,0.75,1.0,1.125,0.25,1.0,0.0,0.0,0.5,0.25,0.25
2025-07-12,6,0.6713999999999999,0.39783917856339895,4.0283999999999995,0.002438331573265099,0.013839880231428594,1.8333333333333333,1.5,1.8333333333333333,0.16666666666666666,0.8333333333333334,0.16666666666666666,0.0,0.3333333333333333,0.3333333333333333,0.3333333333333333
2025-07-13,7,0.658,0.4711522436184154,4.606,0.005735313629527191,0.012442896024988371,1.0,1.1428571428571428,1.4285714285714286,0.14285714285714285,0.8571428571428571,0.14285714285714285,0.0,0.42857142857142855,0.14285714285714285,0.42857142857142855
2025-07-14,7,0.8315428571428571,0.12439203963200185,5.8208,0.002501670571596722,0.017094270687149315,1.1428571428571428,0.7142857142857143,0.42857142857142855,0.2857142857142857,1.0,0.0,0.0,0.42857142857142855,0.42857142857142855,0.14285714285714285
2025-07-15,3,0.5058333333333334,0.48862165663561546,1.5175,-0.017855409995147984,0.042776271970560255,0.6666666666666666,1.3333333333333333,0.3333333333333333,0.0,0.6666666666666666,0.0,0.3333333333333333,0.3333333333333333,0.3333333333333333,0.3333333333333333
2025-07-16,10,0.7090099999999999,0.4684068659948433,7.0901,0.0008173719135561537,0.009834242601527866,0.7,0.8,0.7,0.1,0.9,0.1,0.0,0.4,0.3,0.3
2025-07-17,6,0.24018333333333333,0.5951989530120719,1.4411,0.0048492819304597375,0.019401358175498297,1.1666666666666667,1.0,1.1666666666666667,0.0,0.8333333333333334,0.16666666666666666,0.0,0.5,0.3333333333333333,0.16666666666666666
2025-07-18,9,0.7882333333333333,0.2091896507956357,7.0941,0.010793237176635427,0.02949578089920478,1.1111111111111112,1.4444444444444444,1.0,0.2222222222222222,1.0,0.0,0.0,0.4444444444444444,0.2222222222222222,0.3333333333333333
2025-07-19,4,-0.148925,0.8588019848408983,-0.5957,0.0008225645322419514,0.005700082183732337,1.75,1.5,3.0,0.0,0.25,0.5,0.25,0.25,0.5,0.25
2025-07-20,6,0.7244,0.37799898412561905,4.3464,0.04011545466475896,0.05396382395751047,0.3333333333333333,2.1666666666666665,1.3333333333333333,0.0,0.8333333333333334,0.0,0.16666666666666666,0.8333333333333334,0.0,0.16666666666666666
2025-07-21,7,0.37348571428571425,0.5222527626496944,2.6144,-0.006511606118098986,0.011525875000574148,0.5714285714285714,0.0,0.7142857142857143,0.0,0.7142857142857143,0.14285714285714285,0.14285714285714285,0.0,0.2857142857142857,0.7142857142857143
2025-07-23,15,0.71276,0.3308525044703239,10.6914,0.003578302138915772,0.020546179832511273,1.2,1.2,1.7333333333333334,0.2,0.9333333333333333,0.06666666666666667,0.0,0.26666666666666666,0.3333333333333333,0.4
2025-07-24,8,0.4290625,0.41510619962159767,3.4325,0.003036137842233668,0.011021795668367931,0.625,1.0,1.5,0.125,0.75,0.125,0.125,0.25,0.25,0.5
2025-07-25,11,0.637490909090909,0.34215280052790875,7.0123999999999995,-0.008964749986419713,0.029493947494830038,0.8181818181818182,0.8181818181818182,0.6363636363636364,0.09090909090909091,0.9090909090909091,0.0,0.09090909090909091,0.18181818181818182,0.45454545454545453,0.36363636363636365
2025-07-26,9,0.7051555555555555,0.5340972011514176,6.3464,0.014861283099707126,0.047232397669473986,1.2222222222222223,1.5555555555555556,0.6666666666666666,0.2222222222222222,0.8888888888888888,0.1111111111111111,0.0,0.3333333333333333,0.3333333333333333,0.3333333333333333
2025-07-27,9,0.8893666666666667,0.10372438237945791,8.0043,0.01867440767332413,0.010569533145882161,0.3333333333333333,2.4444444444444446,1.1111111111111112,0.1111111111111111,1.0,0.0,0.0,1.0,0.0,0.0
2025-07-28,9,0.633311111111111,0.5093071751027185,5.6998,-0.0019919620964917134,0.010845931497682393,0.6666666666666666,0.3333333333333333,0.5555555555555556,0.1111111111111111,0.8888888888888888,0.1111111111111111,0.0,0.1111111111111111,0.2222222222222222,0.6666666666666666
2025-07-29,6,0.48728333333333335,0.6350942084971856,2.9237,0.0037733462387468403,0.018635657080282773,1.8333333333333333,1.6666666666666667,1.0,0.16666666666666666,0.6666666666666666,0.3333333333333333,0.0,0.5,0.3333333333333333,0.16666666666666666
2025-07-30,15,0.6464333333333333,0.39159291666340496,9.6965,0.013175255495776748,0.05273624531440608,1.6,1.4666666666666666,1.2666666666666666,0.2,0.8666666666666667,0.06666666666666667,0.06666666666666667,0.4666666666666667,0.3333333333333333,0.2
2025-07-31,6,0.26505,0.6139138172414756,1.5903,0.0020580130615341884,0.018800679122999184,1.0,0.8333333333333334,0.5,0.0,0.6666666666666666,0.3333333333333333,0.0,0.16666666666666666,0.5,0.3333333333333333
2025-08-01,3,0.8787333333333334,0.12925920985884656,2.6362,-0.0012709003534691603,0.022662807877080623,1.0,0.6666666666666666,0.6666666666666666,0.0,1.0,0.0,0.0,0.6666666666666666,0.3333333333333333,0.0
2025-08-02,4,0.27987500000000004,0.2919480818570316,1.1195000000000002,0.0,0.0,0.0,0.0,0.25,0.0,0.75,0.25,0.0,0.0,0.0,1.0
2025-08-03,6,0.7393333333333333,0.32259848522066353,4.436,0.0059536277854250206,0.006590697813039477,0.5,1.1666666666666667,1.0,0.0,1.0,0.0,0.0,0.5,0.0,0.5
2025-08-04,6,0.3497166666666667,0.19795241263158847,2.0983,0.0030880930020774637,0.011209647479070307,0.3333333333333333,0.3333333333333333,0.8333333333333334,0.16666666666666666,0.8333333333333334,0.0,0.16666666666666666,0.3333333333333333,0.3333333333333333,0.3333333333333333
2025-08-05,11,0.4814454545454545,0.4574090015809404,5.2959,-0.0019058873225539891,0.011805710479847766,0.9090909090909091,1.1818181818181819,0.45454545454545453,0.18181818181818182,0.7272727272727273,0.09090909090909091,0.18181818181818182,0.18181818181818182,0.09090909090909091,0.7272727272727273
2025-08-06,8,0.3041,0.7709261017021763,2.4328,0.0008420603089720736,0.01687713191237749,1.125,1.25,0.875,0.125,0.75,0.25,0.0,0.375,0.25,0.375
2025-08-07,6,0.44720000000000004,0.6827796687072631,2.6832000000000003,-0.0021927980944374385,0.0034693506009367504,0.6666666666666666,0.3333333333333333,0.3333333333333333,0.0,0.8333333333333334,0.16666666666666666,0.0,0.0,0.3333333333333333,0.6666666666666666
2025-08-08,8,0.747475,0.32495128755817276,5.9798,-0.003914846300110105,0.016940141715534044,1.25,0.75,0.875,0.125,0.875,0.0,0.125,0.125,0.5,0.375
2025-08-09,8,0.6396625,0.40805984833285003,5.1173,-0.006435567173716996,0.01662966857862996,2.0,1.375,0.75,0.0,0.875,0.0,0.125,0.25,0.5,0.25
2025-08-10,4,0.32334999999999997,0.5130783793274993,1.2933999999999999,-0.04274270203529677,0.04670259233573669,1.75,0.25,0.75,0.0,0.75,0.25,0.0,0.25,0.75,0.0
2025-08-11,10,0.58594,0.38289683902238386,5.8594,0.00014195581871878152,0.007820540586670779,0.5,0.5,0.2,0.2,0.8,0.0,0.2,0.2,0.2,0.6
2025-08-12,12,0.7613583333333334,0.3200290028286736,9.1363,-0.0031847736180985304,0.010837843883380337,2.3333333333333335,1.75,1.4166666666666667,0.08333333333333333,0.9166666666666666,0.0,0.08333333333333333,0.25,0.3333333333333333,0.4166666666666667
2025-08-13,9,0.5774333333333334,0.3604039469817166,5.1969,0.002063968534330668,0.009962724242575207,0.6666666666666666,0.7777777777777778,1.0,0.0,0.8888888888888888,0.0,0.1111111111111111,0.2222222222222222,0.1111111111111111,0.6666666666666666
2025-08-14,8,0.723325,0.39248780053834614,5.7866,0.004248217648641377,0.011567611079675858,0.75,0.875,1.375,0.0,0.875,0.125,0.0,0.25,0.125,0.625
2025-08-15,13,0.8203692307692307,0.2594868088638784,10.6648,0.00357967529175347,0.012139000126218243,1.1538461538461537,1.6153846153846154,1.3076923076923077,0.15384615384615385,1.0,0.0,0.0,0.38461538461538464,0.23076923076923078,0.38461538461538464
2025-08-16,12,0.40365,0.5400109956792967,4.8438,0.004871895458308733,0.015898440738656885,0.75,1.0,0.5833333333333334,0.08333333333333333,0.6666666666666666,0.16666666666666666,0.16666666666666666,0.5,0.08333333333333333,0.4166666666666667
2025-08-17,10,0.5759299999999999,0.49562901011408383,5.7593,-0.0026219918167216237,0.016119234462892082,1.7,1.1,1.6,0.0,0.8,0.1,0.1,0.3,0.3,0.4
2025-08-18,2,0.36345,0.5139959192445014,0.7269,0.012195121951219513,0.017246506858208478,0.0,1.0,0.5,0.0,0.5,0.0,0.5,0.5,0.0,0.5
2025-08-19,7,0.7183428571428571,0.5567902862453177,5.0283999999999995,0.012838673796044897,0.007965385935195026,1.2857142857142858,4.571428571428571,2.2857142857142856,0.0,0.8571428571428571,0.14285714285714285,0.0,0.8571428571428571,0.0,0.14285714285714285
2025-08-20,8,0.758225,0.30880412538880186,6.0658,0.003986767791006335,0.015809526527785323,0.875,1.25,0.375,0.0,0.875,0.0,0.125,0.375,0.125,0.5
2025-08-21,11,0.6222181818181819,0.6076995126181719,6.8444,-0.009793513750159116,0.04526370203309613,1.2727272727272727,1.4545454545454546,1.2727272727272727,0.45454545454545453,0.8181818181818182,0.18181818181818182,0.0,0.36363636363636365,0.36363636363636365,0.2727272727272727
2025-08-22,4,0.6309,0.46308357057159055,2.5236,0.026637656309307915,0.03568485090146571,0.75,3.0,1.25,0.25,0.75,0.0,0.25,0.75,0.0,0.25
2025-08-23,5,0.92322,0.04821085977246211,4.6161,0.004603835844051751,0.01965386102507415,0.6,0.8,1.2,0.0,1.0,0.0,0.0,0.6,0.2,0.2
2025-08-24,9,0.727188888888889,0.22996381478639438,6.544700000000001,0.013531940151429823,0.0247920071839857,0.8888888888888888,1.6666666666666667,0.7777777777777778,0.1111111111111111,1.0,0.0,0.0,0.5555555555555556,0.1111111111111111,0.3333333333333333
2025-08-25,5,0.23807999999999999,0.7068677577878341,1.1904,0.001428723323460166,0.016677794680564118,1.2,1.4,1.0,0.0,0.4,0.2,0.4,0.4,0.2,0.4
2025-08-26,7,0.5793,0.5804667776884394,4.0551,0.008487070835415033,0.028249061639769327,1.0,1.1428571428571428,0.42857142857142855,0.0,0.8571428571428571,0.14285714285714285,0.0,0.2857142857142857,0.2857142857142857,0.42857142857142855
2025-08-27,16,0.512275,0.4282779307879406,8.1964,-0.0037802086544532452,0.010244439529320347,1.375,0.9375,1.1875,0.0,0.8125,0.0625,0.125,0.125,0.3125,0.5625
2025-08-28,5,0.42596,0.7004566638986313,2.1298,-0.008457638507116243,0.013267414766589455,1.4,0.8,0.6,0.0,0.8,0.2,0.0,0.2,0.6,0.2
2025-08-29,8,0.6839625,0.2227550797079929,5.4717,-0.008460198595567259,0.009359356391993815,1.875,1.0,0.5,0.25,1.0,0.0,0.0,0.0,0.5,0.5
2025-08-30,10,0.7104199999999999,0.3837703155679333,7.1042,0.0003440682304829268,0.00817105989783904,1.5,1.5,0.7,0.0,0.8,0.0,0.2,0.3,0.2,0.5
2025-08-31,4,0.608475,0.08234639741158482,2.4339,0.0076274471796859864,0.029573186039303527,1.25,1.0,1.5,0.0,1.0,0.0,0.0,0.5,0.5,0.0
2025-09-01,10,0.66086,0.4424801268607062,6.6086,-0.00199831689943429,0.034075737063209904,1.3,1.7,1.1,0.2,0.9,0.1,0.0,0.5,0.3,0.2
2025-09-02,10,0.52896,0.46554467550267276,5.2896,0.00652102532487666,0.01878987760432891,0.5,1.0,0.6,0.2,0.7,0.1,0.2,0.4,0.2,0.4
2025-09-03,6,0.04886666666666667,0.7144276301114527,0.2932,-0.01705928166391943,0.04240468571091179,1.6666666666666667,0.8333333333333334,0.6666666666666666,0.0,0.3333333333333333,0.5,0.16666666666666666,0.3333333333333333,0.3333333333333333,0.3333333333333333
2025-09-04,6,0.7241666666666666,0.3105058238852641,4.345,-0.0005563336445689387,0.008212114892970022,1.0,0.6666666666666666,1.0,0.0,1.0,0.0,0.0,0.3333333333333333,0.16666666666666666,0.5
2025-09-05,11,0.7116363636363636,0.33221513593672186,7.828,0.006890067271344959,0.016690977948459064,0.5454545454545454,1.3636363636363635,0.5454545454545454,0.0,0.9090909090909091,0.0,0.09090909090909091,0.6363636363636364,0.09090909090909091,0.2727272727272727
2025-09-06,12,0.691625,0.5125500882397207,8.2995,0.014431284186748957,0.023980718426480252,0.8333333333333334,2.0,1.25,0.08333333333333333,0.9166666666666666,0.08333333333333333,0.0,0.5833333333333334,0.08333333333333333,0.3333333333333333
2025-09-07,10,0.4767,0.5510895994905608,4.767,0.014522603085660151,0.02181080678923243,0.6,1.3,0.8,0.1,0.7,0.2,0.1,0.5,0.1,0.4
2025-09-08,8,0.3486375,0.6406653214488378,2.7891,0.0006815986142163291,0.025637935491957545,1.375,0.5,0.75,0.625,0.625,0.25,0.125,0.125,0.375,0.5
2025-09-09,3,0.8999666666666667,0.020823144175011955,2.6999,-0.009173120387330355,0.01846100923143824,2.3333333333333335,0.6666666666666666,2.3333333333333335,0.3333333333333333,1.0,0.0,0.0,0.3333333333333333,0.6666666666666666,0.0
2025-09-10,6,0.7081666666666667,0.3672096222413932,4.2490000000000006,-0.0014621185513209983,0.010925224031872864,0.8333333333333334,0.8333333333333334,0.3333333333333333,0.0,0.8333333333333334,0.0,0.16666666666666666,0.3333333333333333,0.16666666666666666,0.5
2025-09-11,6,0.7567333333333334,0.3813685653887413,4.5404,0.0046908163087091125,0.01364177707868096,1.0,1.8333333333333333,1.1666666666666667,0.0,0.8333333333333334,0.0,0.16666666666666666,0.5,0.3333333333333333,0.16666666666666666
2025-09-12,2,0.46640000000000004,0.7325626253092632,0.9328000000000001,-0.01,0.042426406871192854,1.0,1.0,0.0,0.0,0.5,0.5,0.0,0.5,0.5,0.0
2025-09-13,7,0.8261000000000001,0.16142147729881962,5.7827,0.022928298221797976,0.04753150666355874,0.42857142857142855,1.0,0.5714285714285714,0.0,1.0,0.0,0.0,0.7142857142857143,0.2857142857142857,0.0
2025-09-14,9,0.7617444444444444,0.2835512172038374,6.8557,-0.006225239800827166,0.020382914655315592,0.8888888888888888,0.8888888888888888,1.0,0.0,1.0,0.0,0.0,0.2222222222222222,0.3333333333333333,0.4444444444444444
2025-09-15,9,0.5402666666666667,0.5272150984180934,4.8624,0.009598880777639408,0.016880009343122723,1.2222222222222223,1.5555555555555556,0.4444444444444444,0.0,0.7777777777777778,0.2222222222222222,0.0,0.4444444444444444,0.2222222222222222,0.3333333333333333
2025-09-16,8,0.7261375,0.42660515346662853,5.8091,0.004400761317244124,0.015049270439968407,1.0,2.625,0.875,0.0,0.875,0.0,0.125,0.375,0.25,0.375
2025-09-17,8,0.5431874999999999,0.5835225578636307,4.3454999999999995,-0.006186772753524394,0.006830196528745122,1.875,0.375,1.75,0.125,0.75,0.125,0.125,0.0,0.5,0.5
2025-09-18,15,0.4117733333333333,0.5942580469635665,6.1766,-0.0031130889681054014,0.04199084800745037,1.7333333333333334,1.1333333333333333,1.0666666666666667,0.2,0.8,0.2,0.0,0.3333333333333333,0.4666666666666667,0.2
2025-09-19,14,0.5805428571428572,0.5058367412428726,8.127600000000001,-1.6810622802098932e-05,0.017659316781488268,1.0,1.0714285714285714,1.0,0.2857142857142857,0.8571428571428571,0.14285714285714285,0.0,0.21428571428571427,0.35714285714285715,0.42857142857142855
2025-09-20,12,0.6928583333333332,0.4206873951875632,8.3143,0.0021775024920199964,0.007063168881032914,0.9166666666666666,1.0,1.5,0.0,0.8333333333333334,0.08333333333333333,0.08333333333333333,0.4166666666666667,0.25,0.3333333333333333
2025-09-21,12,0.5781916666666667,0.5138794490014761,6.9383,0.0028195328210388454,0.009311117783622733,1.4166666666666667,1.9166666666666667,0.8333333333333334,0.08333333333333333,0.75,0.16666666666666666,0.08333333333333333,0.4166666666666667,0.16666666666666666,0.4166666666666667
2025-09-22,8,0.890725,0.09974041665386063,7.1258,-0.002441859214166112,0.007558437728107824,1.25,0.875,0.625,0.125,1.0,0.0,0.0,0.125,0.375,0.5
2025-09-23,16,0.4743125,0.5290957731513897,7.589,0.006420551873348464,0.024087879521289088,0.6875,0.625,0.5,0.0625,0.8125,0.125,0.0625,0.25,0.375,0.375
2025-09-24,4,0.5009250000000001,0.46324704981971193,2.0037000000000003,0.005161043001868352,0.017236660538878897,0.25,1.0,1.0,0.0,0.75,0.0,0.25,0.5,0.25,0.25
2025-09-25,8,0.6732,0.40870032332469997,5.3856,0.006558434235490892,0.036800260241836566,1.625,1.5,2.625,0.375,0.875,0.125,0.0,0.375,0.25,0.375
2025-09-26,8,0.7803249999999999,0.22805514840556818,6.2425999999999995,0.004467843659764553,0.012244154095433805,0.75,1.125,1.625,0.25,1.0,0.0,0.0,0.375,0.125,0.5
2025-09-27,9,0.31827777777777777,0.6897985281547391,2.8645,0.0027257347589179966,0.009884907874286966,0.7777777777777778,1.0,1.2222222222222223,0.1111111111111111,0.6666666666666666,0.3333333333333333,0.0,0.3333333333333333,0.1111111111111111,0.5555555555555556
2025-09-28,12,0.4967333333333333,0.6201979762116043,5.9608,0.011582627532640976,0.019378053777979444,0.5833333333333334,1.3333333333333333,0.8333333333333334,0.0,0.75,0.25,0.0,0.4166666666666667,0.08333333333333333,0.5
2025-09-29,15,0.7730333333333334,0.21182745561513255,11.5955,-0.004840703916503232,0.01866349959262765,1.7333333333333334,0.9333333333333333,0.7333333333333333,0.0,1.0,0.0,0.0,0.26666666666666666,0.3333333333333333,0.4
2025-09-30,16,0.71395,0.454986335325945,11.4232,0.0018463393304695825,0.016082870491466297,1.5625,1.5,0.875,0.1875,0.9375,0.0625,0.0,0.5,0.375,0.125
2025-10-01,13,0.3298384615384615,0.7009953501254027,4.2879,-0.00815824391333803,0.01400421652382988,1.6153846153846154,0.6923076923076923,0.6923076923076923,0.23076923076923078,0.6923076923076923,0.3076923076923077,0.0,0.15384615384615385,0.5384615384615384,0.3076923076923077
2025-10-02,12,0.24699166666666664,0.5690356890202827,2.9638999999999998,-0.00041368969819618773,0.010548042601754683,1.5,0.9166666666666666,0.5,0.08333333333333333,0.5833333333333334,0.4166666666666667,0.0,0.3333333333333333,0.25,0.4166666666666667
2025-10-03,12,0.659925,0.45591775798432616,7.9191,0.002133028001096985,0.013181999189462544,1.0833333333333333,1.0833333333333333,0.9166666666666666,0.08333333333333333,0.9166666666666666,0.08333333333333333,0.0,0.25,0.25,0.5
2025-10-04,9,0.733511111111111,0.3276632663438352,6.6015999999999995,0.005153380209588365,0.014545684272488797,1.3333333333333333,1.3333333333333333,1.4444444444444444,0.0,0.8888888888888888,0.0,0.1111111111111111,0.4444444444444444,0.2222222222222222,0.3333333333333333
2025-10-05,14,0.49965,0.46792106952742824,6.9951,-0.00016937355932321245,0.017730213270439325,1.5,1.6428571428571428,1.5714285714285714,0.0,0.7142857142857143,0.07142857142857142,0.21428571428571427,0.35714285714285715,0.35714285714285715,0.2857142857142857
2025-10-06,10,0.74355,0.39204690833283373,7.4355,0.0008886930856663158,0.010142719086909132,1.2,1.1,1.0,0.1,0.9,0.1,0.0,0.1,0.3,0.6
2025-10-07,10,0.42601000000000006,0.5372242681909795,4.2601,-0.009620397364956,0.019500208702960733,1.0,0.4,1.1,0.0,0.7,0.2,0.1,0.1,0.5,0.4
2025-10-08,10,0.26255,0.6235322574743917,2.6255,0.0031234628431095106,0.019307244204697593,1.3,1.3,0.8,0.0,0.6,0.3,0.1,0.3,0.4,0.3
2025-10-09,8,0.8271875,0.12234044346471395,6.6175,0.008330676374656724,0.0184015891941228,0.875,1.375,0.875,0.0,1.0,0.0,0.0,0.375,0.25,0.375
2025-10-10,8,0.6972875,0.42013779861068035,5.5783,0.006086856868323221,0.007148612275879787,0.25,1.0,0.875,0.25,0.875,0.125,0.0,0.5,0.0,0.5
2025-10-11,3,0.16456666666666667,0.694529843371279,0.49369999999999997,-0.009050792507204612,0.008101559186366366,1.6666666666666667,0.0,0.6666666666666666,0.3333333333333333,0.3333333333333333,0.3333333333333333,0.3333333333333333,0.0,0.6666666666666666,0.3333333333333333
2025-10-12,6,0.5488833333333333,0.5781316715651087,3.2933,0.001780924333730954,0.003896160049879197,1.8333333333333333,2.1666666666666665,1.8333333333333333,0.16666666666666666,0.6666666666666666,0.3333333333333333,0.0,0.5,0.16666666666666666,0.3333333333333333
2025-10-13,7,0.3494428571428571,0.6093508837474593,2.4461,-0.001763444044851541,0.02180476930991826,0.8571428571428571,0.8571428571428571,0.42857142857142855,0.14285714285714285,0.5714285714285714,0.2857142857142857,0.14285714285714285,0.42857142857142855,0.42857142857142855,0.14285714285714285
2025-10-14,17,0.5199705882352942,0.5130310136394118,8.839500000000001,-0.004230961858566207,0.019973481058030755,0.9411764705882353,1.0,1.2941176470588236,0.0,0.7647058823529411,0.23529411764705882,0.0,0.29411764705882354,0.4117647058823529,0.29411764705882354
2025-10-15,13,0.5110615384615385,0.5873707822980608,6.6438,-0.005184962692988257,0.018399009228823274,1.3076923076923077,0.7692307692307693,0.38461538461538464,0.23076923076923078,0.8461538461538461,0.15384615384615385,0.0,0.15384615384615385,0.38461538461538464,0.46153846153846156
2025-10-16,6,0.40418333333333334,0.7070095428398875,2.4251,-0.0010118154355329572,0.027857413067168952,1.3333333333333333,0.6666666666666666,0.8333333333333334,0.0,0.6666666666666666,0.3333333333333333,0.0,0.3333333333333333,0.5,0.16666666666666666
2025-10-17,10,0.5023500000000001,0.5665974452819215,5.0235,0.0008631312472164672,0.011460382512822331,0.4,0.6,0.7,0.0,0.8,0.2,0.0,0.4,0.3,0.3
2025-10-18,13,0.6597615384615385,0.3929482165596835,8.5769,0.008172720407391936,0.030706476962110905,0.8461538461538461,0.9230769230769231,1.1538461538461537,0.07692307692307693,0.9230769230769231,0.07692307692307693,0.0,0.46153846153846156,0.38461538461538464,0.15384615384615385
2025-10-19,9,0.6590888888888888,0.4871538680038486,5.9318,-0.0013463117604320092,0.015591383237364278,1.3333333333333333,0.7777777777777778,2.111111111111111,0.0,0.7777777777777778,0.1111111111111111,0.1111111111111111,0.3333333333333333,0.4444444444444444,0.2222222222222222
2025-10-20,11,0.6543181818181818,0.30340101126456986,7.1975,-0.003983362995774496,0.012201210137940769,1.6363636363636365,0.7272727272727273,0.9090909090909091,0.18181818181818182,0.9090909090909091,0.0,0.09090909090909091,0.18181818181818182,0.45454545454545453,0.36363636363636365
2025-10-21,10,0.64384,0.3444588451469929,6.4384,0.021049130457424497,0.04299600506704339,0.9,0.8,0.1,0.2,0.9,0.0,0.1,0.5,0.2,0.3
2025-10-22,6,0.5135666666666666,0.48729038023202004,3.0814,0.015031672658791304,0.03739371728437179,0.8333333333333334,1.1666666666666667,1.5,0.6666666666666666,0.6666666666666666,0.16666666666666666,0.16666666666666666,0.3333333333333333,0.16666666666666666,0.5
2025-10-23,2,0.81045,0.19791918805411468,1.6209,0.0,0.0,0.0,0.0,0.0,0.0,1.0,0.0,0.0,0.0,0.0,1.0
2025-10-24,7,0.7137142857142857,0.22798764168679134,4.996,0.007752775543731808,0.010655397865466697,0.0,0.7142857142857143,1.4285714285714286,0.2857142857142857,1.0,0.0,0.0,0.42857142857142855,0.0,0.5714285714285714
2025-10-25,11,0.6867727272727273,0.35214274972206683,7.5545,0.002232213210897246,0.010340779987639622,0.5454545454545454,0.8181818181818182,0.7272727272727273,0.09090909090909091,0.9090909090909091,0.09090909090909091,0.0,0.45454545454545453,0.18181818181818182,0.36363636363636365
2025-10-26,5,0.42110000000000003,0.40256714967816243,2.1055,0.002197802197802198,0.004914435115384154,0.2,0.4,0.0,0.0,0.6,0.0,0.4,0.2,0.0,0.8
2025-10-27,9,0.3648777777777778,0.5979076700833035,3.2839,-0.015121901008065533,0.02272926958199782,2.0,0.6666666666666666,0.8888888888888888,0.2222222222222222,0.5555555555555556,0.2222222222222222,0.2222222222222222,0.1111111111111111,0.5555555555555556,0.3333333333333333
2025-10-28,7,0.34777142857142856,0.6552020190096225,2.4344,-0.0013328255902513328,0.01795692560266555,1.1428571428571428,0.7142857142857143,0.14285714285714285,0.14285714285714285,0.7142857142857143,0.14285714285714285,0.14285714285714285,0.2857142857142857,0.14285714285714285,0.5714285714285714
2025-10-29,17,0.44718823529411766,0.5084712220007551,7.6022,-0.0005433610222830762,0.011026051357820851,0.8235294117647058,0.8823529411764706,1.0,0.058823529411764705,0.7058823529411765,0.058823529411764705,0.23529411764705882,0.29411764705882354,0.35294117647058826,0.35294117647058826
2025-10-30,4,0.4909,0.896081733623297,1.9636,-0.0026808744481158276,0.013111696985621802,1.5,0.5,1.25,0.0,0.75,0.25,0.0,0.25,0.5,0.25
2025-10-31,5,0.52674,0.4505467212176779,2.6337,-0.00018874283788338392,0.005820841647710645,0.2,0.2,0.2,0.0,0.8,0.0,0.2,0.2,0.2,0.6
2025-11-01,5,0.65682,0.3337361937219276,3.2841,-0.011406304981108131,0.018484282079829266,0.8,0.4,1.0,0.0,1.0,0.0,0.0,0.2,0.6,0.2
2025-11-02,2,0.4588,0.19883842686965722,0.9176,0.0,0.0,0.0,0.0,0.5,0.0,1.0,0.0,0.0,0.0,0.0,1.0
2025-11-03,7,0.5158714285714285,0.6239683023847865,3.6111,-0.003466151522056859,0.010762260097677542,0.8571428571428571,0.5714285714285714,0.5714285714285714,0.2857142857142857,0.7142857142857143,0.14285714285714285,0.14285714285714285,0.2857142857142857,0.2857142857142857,0.42857142857142855
2025-11-04,4,0.858425,0.12147999492371846,3.4337,0.013174603174603176,0.009507923258331389,0.25,1.5,1.5,0.0,1.0,0.0,0.0,0.75,0.0,0.25
2025-11-05,7,0.6039142857142857,0.33025732103200695,4.2274,0.003968253968253968,0.0104990131391452,0.14285714285714285,1.0,0.5714285714285714,0.14285714285714285,0.8571428571428571,0.0,0.14285714285714285,0.14285714285714285,0.0,0.8571428571428571
2025-11-06,6,0.4549833333333333,0.6267584779376076,2.7298999999999998,-0.00852486186599332,0.015125346292681046,3.0,1.0,0.8333333333333334,4.166666666666667,0.8333333333333334,0.16666666666666666,0.0,0.0,0.5,0.5
2025-11-07,4,0.828525,0.10790700857682974,3.3141,0.003,0.006,0.25,1.0,0.25,0.0,1.0,0.0,0.0,0.25,0.0,0.75
2025-11-08,2,0.6658000000000001,0.35652323907425726,1.3316000000000001,0.024132730015082957,0.020263995237623535,0.0,1.0,3.0,0.0,1.0,0.0,0.0,1.0,0.0,0.0
2025-11-09,5,0.9771599999999999,0.018683896809819953,4.8858,0.008925694436588767,0.013900562440014193,1.2,2.8,1.2,0.2,1.0,0.0,0.0,0.6,0.2,0.2
2025-11-10,3,0.8069333333333333,0.16500394944768243,2.4208,0.03293241695303551,0.04432800994057041,0.6666666666666666,2.0,0.0,0.0,1.0,0.0,0.0,0.6666666666666666,0.0,0.3333333333333333
2025-11-11,7,0.6234999999999999,0.35507596839737454,4.3645,-0.0001437544547941209,0.013341161187729973,1.0,0.8571428571428571,0.42857142857142855,0.7142857142857143,1.0,0.0,0.0,0.2857142857142857,0.42857142857142855,0.2857142857142857
2025-11-12,6,0.34675000000000006,0.7463477949320946,2.0805000000000002,-0.0053934805245230396,0.005937796644201835,1.1666666666666667,0.3333333333333333,1.5,0.0,0.6666666666666666,0.3333333333333333,0.0,0.0,0.5,0.5
2025-11-13,4,0.563225,0.3925061220329351,2.2529,-0.001644429930957268,0.0064743284481718205,0.75,0.75,0.75,0.5,1.0,0.0,0.0,0.25,0.25,0.5
2025-11-14,4,0.786125,0.2584428934342492,3.1445,-0.0012892935135991666,0.012658999524234766,1.5,1.25,2.0,0.0,1.0,0.0,0.0,0.25,0.5,0.25
2025-11-15,4,0.6779999999999999,0.46852073593385385,2.7119999999999997,-0.0010822510822510823,0.0021645021645021645,0.5,0.25,0.75,0.0,0.75,0.0,0.25,0.0,0.25,0.75
2025-11-16,9,0.26437777777777777,0.7123983239343312,2.3794,-0.0016534454386327808,0.02691204756821597,2.0,1.5555555555555556,0.5555555555555556,0.1111111111111111,0.6666666666666666,0.3333333333333333,0.0,0.3333333333333333,0.3333333333333333,0.3333333333333333
2025-11-17,2,0.8831,0.14523973285571687,1.7662,-0.01858793377556055,0.002398565434237027,13.0,5.5,5.5,1.0,1.0,0.0,0.0,0.0,1.0,0.0
2025-11-18,6,0.4269833333333333,0.780129518520269,2.5619,-0.013565135053963144,0.0175330819716837,2.6666666666666665,0.6666666666666666,0.8333333333333334,0.0,0.6666666666666666,0.16666666666666666,0.16666666666666666,0.16666666666666666,0.6666666666666666,0.16666666666666666
2025-11-19,7,0.3383428571428571,0.9026764072415299,2.3684,-0.013701393369240344,0.013283300275068723,5.857142857142857,1.5714285714285714,2.4285714285714284,0.14285714285714285,0.7142857142857143,0.2857142857142857,0.0,0.14285714285714285,0.7142857142857143,0.14285714285714285
2025-11-20,4,0.29295,0.7305396065010211,1.1718,0.0017201834862385322,0.0034403669724770644,0.5,1.25,3.5,0.25,0.5,0.25,0.25,0.25,0.0,0.75
2025-11-21,6,0.7044166666666666,0.3740569337235532,4.2265,-0.003469308827521911,0.00793701508425808,1.5,1.1666666666666667,1.8333333333333333,0.0,0.8333333333333334,0.0,0.16666666666666666,0.16666666666666666,0.3333333333333333,0.5
2025-11-22,14,0.5309785714285714,0.6031627120419516,7.4337,0.0014507655751172675,0.01459701640573435,0.7142857142857143,0.8571428571428571,1.2857142857142858,0.14285714285714285,0.8571428571428571,0.14285714285714285,0.0,0.5,0.14285714285714285,0.35714285714285715
2025-11-23,7,0.25177142857142853,0.7027062584852121,1.7623999999999997,-0.006147864717069919,0.017015046814258358,1.5714285714285714,1.1428571428571428,1.0,0.0,0.7142857142857143,0.2857142857142857,0.0,0.14285714285714285,0.42857142857142855,0.42857142857142855
2025-11-24,7,0.2538285714285714,0.6559276401003536,1.7768,-0.024882191951093546,0.056933634868277676,2.0,0.8571428571428571,0.2857142857142857,0.0,0.7142857142857143,0.2857142857142857,0.0,0.2857142857142857,0.5714285714285714,0.14285714285714285
2025-11-25,5,0.5182399999999999,0.6217368599335253,2.5911999999999997,0.00584700968274618,0.0124496004691712,2.0,4.0,3.8,0.2,0.8,0.2,0.0,0.4,0.2,0.4
2025-11-26,7,0.8161857142857143,0.36304739097704325,5.7133,-0.0023748406122925995,0.005189443521503558,2.857142857142857,2.0,1.1428571428571428,0.14285714285714285,0.8571428571428571,0.0,0.14285714285714285,0.14285714285714285,0.42857142857142855,0.42857142857142855
2025-11-27,6,0.6296666666666667,0.3358513460843453,3.778,-0.006218094927772346,0.020477931355649445,1.5,0.8333333333333334,0.8333333333333334,0.0,1.0,0.0,0.0,0.16666666666666666,0.3333333333333333,0.5
2025-11-28,6,0.4756,0.4225504703582757,2.8536,0.0037635260747388897,0.005620115515273292,0.6666666666666666,1.3333333333333333,1.6666666666666667,0.0,0.6666666666666666,0.0,0.3333333333333333,0.5,0.0,0.5
2025-11-30,3,0.15133333333333335,0.38250005664487596,0.454,0.014731585518102372,0.046359315961901994,0.6666666666666666,0.3333333333333333,0.6666666666666666,0.0,0.6666666666666666,0.3333333333333333,0.0,0.3333333333333333,0.3333333333333333,0.3333333333333333
2025-12-01,2,0.42885,0.6064854862237018,0.8577,-0.010416666666666666,0.01473139127471974,0.5,0.0,0.0,0.0,0.5,0.0,0.5,0.0,0.5,0.5
2025-12-02,10,0.57162,0.6037477854571762,5.7162,-0.0002197856742415608,0.01277245704183016,1.8,1.3,0.8,0.1,0.8,0.2,0.0,0.2,0.4,0.4
2025-12-03,10,0.30228,0.5314449836687394,3.0228,-0.0036858974358974354,0.0251735399023256,0.1,0.2,0.5,0.0,0.6,0.2,0.2,0.2,0.1,0.7
2025-12-04,4,0.787525,0.28652703624614556,3.1501,-0.003676470588235294,0.007352941176470588,1.25,1.0,1.0,1.0,1.0,0.0,0.0,0.0,0.25,0.75
2025-12-05,9,0.44604444444444447,0.643916101117046,4.0144,-0.002653938431733045,0.00896793043804506,0.8888888888888888,0.5555555555555556,0.7777777777777778,0.0,0.6666666666666666,0.2222222222222222,0.1111111111111111,0.1111111111111111,0.2222222222222222,0.6666666666666666
2025-12-06,9,0.24737777777777778,0.42391388210867126,2.2264,0.01818181818181818,0.06923430096239917,0.3333333333333333,0.2222222222222222,0.1111111111111111,0.1111111111111111,0.4444444444444444,0.2222222222222222,0.3333333333333333,0.1111111111111111,0.1111111111111111,0.7777777777777778
2025-12-07,7,0.7559428571428571,0.3959017296297271,5.2916,-0.012278180365225651,0.038460645623983845,1.4285714285714286,1.7142857142857142,2.2857142857142856,0.0,0.8571428571428571,0.14285714285714285,0.0,0.42857142857142855,0.5714285714285714,0.0
2025-12-08,11,0.4555909090909091,0.42124638978760504,5.0115,0.0028554219191210413,0.03671181952056309,1.0,0.45454545454545453,0.36363636363636365,0.18181818181818182,0.7272727272727273,0.09090909090909091,0.18181818181818182,0.2727272727272727,0.2727272727272727,0.45454545454545453
2025-12-09,10,0.49858,0.5658892467219673,4.9858,-2.730054024301133e-05,0.0375374581998268,2.3,1.2,0.8,0.2,0.7,0.1,0.2,0.4,0.5,0.1
2025-12-10,14,0.2855857142857143,0.5120494129658595,3.9981999999999998,-0.0023347896696581335,0.028732033916550048,0.8571428571428571,0.35714285714285715,0.5714285714285714,0.07142857142857142,0.5,0.14285714285714285,0.35714285714285715,0.14285714285714285,0.2857142857142857,0.5714285714285714
2025-12-11,7,0.34172857142857144,0.6792648445544779,2.3921,-0.00956388634583558,0.01410718840398734,5.714285714285714,1.2857142857142858,1.8571428571428572,0.7142857142857143,0.7142857142857143,0.14285714285714285,0.14285714285714285,0.14285714285714285,0.5714285714285714,0.2857142857142857
2025-12-12,13,0.4412307692307692,0.6562179914538251,5.736,-0.008762611083110395,0.06330484905223356,2.3846153846153846,1.4615384615384615,2.076923076923077,0.3076923076923077,0.6923076923076923,0.15384615384615385,0.15384615384615385,0.23076923076923078,0.46153846153846156,0.3076923076923077
2025-12-13,8,0.569375,0.48538348535682885,4.555,0.016596844016198854,0.03288908031566216,0.125,1.25,0.5,0.25,0.75,0.125,0.125,0.375,0.0,0.625
2025-12-14,9,0.47177777777777785,0.7086260963614341,4.246,0.004871423040426422,0.02012562973346016,1.0,1.1111111111111112,0.8888888888888888,0.1111111111111111,0.7777777777777778,0.2222222222222222,0.0,0.3333333333333333,0.3333333333333333,0.3333333333333333
2025-12-15,9,0.6521111111111111,0.3848188516836345,5.869,-0.016848066340042836,0.03229575368989512,1.0,0.4444444444444444,1.0,0.2222222222222222,0.7777777777777778,0.0,0.2222222222222222,0.1111111111111111,0.4444444444444444,0.4444444444444444
2025-12-16,13,0.6773384615384616,0.3699721713373893,8.8054,0.004209455460391704,0.014340273648613294,1.2307692307692308,1.6923076923076923,1.4615384615384615,0.15384615384615385,0.9230769230769231,0.07692307692307693,0.0,0.38461538461538464,0.23076923076923078,0.38461538461538464
2025-12-17,16,0.86109375,0.15434670266967157,13.7775,0.004731324339992898,0.014421045112436092,2.9375,2.75,1.8125,0.6875,1.0,0.0,0.0,0.5625,0.25,0.1875
2025-12-18,6,0.7007,0.369226521257615,4.2042,0.0018236888037350323,0.00805320590950749,1.5,1.1666666666666667,1.5,0.0,0.8333333333333334,0.0,0.16666666666666666,0.3333333333333333,0.5,0.16666666666666666
2025-12-19,5,0.52884,0.3707008065812644,2.6442,0.003556372111517937,0.012985920543124684,2.2,2.0,2.6,0.2,0.8,0.0,0.2,0.2,0.4,0.4
2025-12-20,7,0.23408571428571429,0.7435974816807174,1.6386,-0.016779990092554476,0.024066947592413544,3.4285714285714284,0.8571428571428571,0.8571428571428571,1.0,0.5714285714285714,0.2857142857142857,0.14285714285714285,0.14285714285714285,0.5714285714285714,0.2857142857142857
2025-12-21,16,0.28590625000000003,0.7315759367910255,4.5745000000000005,-0.0051988527737950796,0.016532183477936842,2.0625,1.4375,1.5,0.125,0.625,0.3125,0.0625,0.25,0.4375,0.3125
2025-12-22,11,0.5322272727272727,0.7196016788347691,5.8545,-0.007890075737891227,0.012275948794859465,3.6363636363636362,1.8181818181818181,0.8181818181818182,0.9090909090909091,0.8181818181818182,0.18181818181818182,0.0,0.09090909090909091,0.45454545454545453,0.45454545454545453
2025-12-23,15,0.46120666666666665,0.6074826846052801,6.9181,-0.00013399865104427773,0.019891239106141035,1.4,1.4,1.0,0.2,0.6666666666666666,0.2,0.13333333333333333,0.3333333333333333,0.26666666666666666,0.4
2025-12-24,16,0.31995625,0.6949504979673014,5.1193,0.002236833189947882,0.02095792816664965,1.75,2.0,0.75,0.125,0.625,0.3125,0.0625,0.375,0.375,0.25
2025-12-25,9,0.5904111111111111,0.45218609676892,5.3137,-0.0002456020594983502,0.013006831374026067,2.3333333333333335,1.5555555555555556,0.7777777777777778,0.1111111111111111,0.8888888888888888,0.1111111111111111,0.0,0.2222222222222222,0.2222222222222222,0.5555555555555556
2025-12-26,12,0.6307833333333334,0.46159980469771617,7.5694,-0.0035695096615224295,0.01267143512713366,2.0,1.1666666666666667,0.75,0.25,0.75,0.16666666666666666,0.08333333333333333,0.3333333333333333,0.4166666666666667,0.25
2025-12-27,12,0.48890833333333333,0.6725833675373477,5.8669,0.000580763042969822,0.028681784665610093,2.6666666666666665,3.0,1.5,0.08333333333333333,0.8333333333333334,0.16666666666666666,0.0,0.5,0.16666666666666666,0.3333333333333333
2025-12-28,19,0.32286315789473685,0.6584757763287089,6.1344,-0.013240930832875428,0.026291668662456004,3.0,1.0526315789473684,1.3157894736842106,0.21052631578947367,0.631578947368421,0.2631578947368421,0.10526315789473684,0.15789473684210525,0.47368421052631576,0.3684210526315789
2025-12-29,17,0.3959764705882353,0.6399024979727496,6.7316,-6.575432790027729e-05,0.038252393840806635,1.1176470588235294,1.0588235294117647,1.3529411764705883,0.058823529411764705,0.6470588235294118,0.23529411764705882,0.11764705882352941,0.5882352941176471,0.23529411764705882,0.17647058823529413
2025-12-30,12,0.22859166666666667,0.7507390243297036,2.7431,-0.008792048569358642,0.026010845387817942,1.4166666666666667,1.9166666666666667,1.3333333333333333,0.0,0.5,0.3333333333333333,0.16666666666666666,0.25,0.4166666666666667,0.3333333333333333
2025-12-31,15,0.6628933333333333,0.3936770131296297,9.9434,0.005414225886516938,0.023767629789787824,3.066666666666667,1.8666666666666667,1.7333333333333334,0.26666666666666666,0.8666666666666667,0.0,0.13333333333333333,0.4,0.3333333333333333,0.26666666666666666
2026-01-01,24,0.5343833333333333,0.5616005432199364,12.8252,-0.0012601691375659096,0.01986745191823766,3.0416666666666665,3.0833333333333335,1.4583333333333333,0.20833333333333334,0.7916666666666666,0.125,0.08333333333333333,0.25,0.4583333333333333,0.2916666666666667
2026-01-02,18,0.3823833333333333,0.5584369912848666,6.882899999999999,0.005428477736344828,0.028621752520127688,2.0,1.4444444444444444,0.6111111111111112,0.05555555555555555,0.5555555555555556,0.1111111111111111,0.3333333333333333,0.2222222222222222,0.2222222222222222,0.5555555555555556
2026-01-03,22,0.3733909090909091,0.5980627367227264,8.2146,-0.0009962062156995003,0.008174697945005232,1.5909090909090908,1.0909090909090908,1.0909090909090908,0.13636363636363635,0.6363636363636364,0.22727272727272727,0.13636363636363635,0.13636363636363635,0.2727272727272727,0.5909090909090909
2026-01-04,14,0.41295714285714286,0.6396784513323089,5.7814,-0.001951897276813296,0.02468813678189481,1.7142857142857142,1.5714285714285714,1.4285714285714286,0.07142857142857142,0.6428571428571429,0.21428571428571427,0.14285714285714285,0.35714285714285715,0.2857142857142857,0.35714285714285715
2026-01-05,26,0.36531538461538465,0.6007109619058455,9.4982,-0.0038248147801523045,0.03873194852794784,0.8076923076923077,1.1923076923076923,0.46153846153846156,0.038461538461538464,0.6153846153846154,0.2692307692307692,0.11538461538461539,0.4230769230769231,0.3076923076923077,0.2692307692307692
2026-01-06,24,0.2736625,0.5924401197497772,6.5679,-0.006676583596958697,0.030529399681965483,1.3333333333333333,0.5833333333333334,1.0,0.08333333333333333,0.625,0.25,0.125,0.16666666666666666,0.5,0.3333333333333333
2026-01-07,17,0.4509588235294118,0.5837711720559088,7.666300000000001,-0.004607312037287025,0.011143682495737788,2.176470588235294,0.8823529411764706,1.1764705882352942,0.4117647058823529,0.7058823529411765,0.17647058823529413,0.11764705882352941,0.17647058823529413,0.29411764705882354,0.5294117647058824
2026-01-08,7,0.6546857142857142,0.38543645143556166,4.5828,-0.008126607122378157,0.043333966682837816,1.7142857142857142,1.4285714285714286,0.42857142857142855,0.0,0.8571428571428571,0.0,0.14285714285714285,0.42857142857142855,0.2857142857142857,0.2857142857142857
2026-01-09,12,0.6766666666666667,0.37670185300925463,8.120000000000001,-0.00974287956213485,0.032612935862783445,1.0833333333333333,1.25,0.9166666666666666,0.0,0.9166666666666666,0.08333333333333333,0.0,0.3333333333333333,0.25,0.4166666666666667
2026-01-10,13,0.5942461538461539,0.5305884635876544,7.7252,0.007232050949897774,0.022382161612007376,2.3846153846153846,1.5384615384615385,0.5384615384615384,0.0,0.8461538461538461,0.07692307692307693,0.07692307692307693,0.46153846153846156,0.38461538461538464,0.15384615384615385
2026-01-11,17,0.29211176470588235,0.5334164272432385,4.9658999999999995,-0.005330265815031163,0.01492077888818619,1.0588235294117647,0.47058823529411764,1.0588235294117647,0.0,0.5294117647058824,0.17647058823529413,0.29411764705882354,0.11764705882352941,0.23529411764705882,0.6470588235294118
2026-01-12,18,0.45529444444444445,0.4761689980177233,8.1953,-0.00028396045959752956,0.024920205224952946,1.6666666666666667,0.7222222222222222,1.1111111111111112,0.0,0.7777777777777778,0.1111111111111111,0.1111111111111111,0.2222222222222222,0.3888888888888889,0.3888888888888889
2026-01-13,15,0.43233333333333335,0.6544802034184585,6.485,-0.0001367322419953997,0.01887446153228818,0.8,0.8666666666666667,0.8,0.13333333333333333,0.6666666666666666,0.2,0.13333333333333333,0.2,0.2,0.6
2026-01-14,27,0.37626296296296297,0.5701357754269174,10.1591,-0.0030669252702085065,0.020782776160695935,2.814814814814815,1.4074074074074074,1.0,0.3333333333333333,0.7407407407407407,0.18518518518518517,0.07407407407407407,0.14814814814814814,0.25925925925925924,0.5925925925925926
2026-01-15,12,0.06610833333333332,0.8274061731572879,0.7932999999999999,-0.023886823817812212,0.040084294487870216,5.583333333333333,1.4166666666666667,1.0833333333333333,0.5,0.5,0.4166666666666667,0.08333333333333333,0.08333333333333333,0.5833333333333334,0.3333333333333333
2026-01-16,27,0.4508666666666667,0.5873080786357099,12.1734,0.016675811177270496,0.03834926595221402,1.962962962962963,2.0,1.2592592592592593,0.25925925925925924,0.8148148148148148,0.14814814814814814,0.037037037037037035,0.4074074074074074,0.2962962962962963,0.2962962962962963
2026-01-17,17,0.4032705882352941,0.5934387065703436,6.8556,-0.007379788792210564,0.012871351270096,7.0,1.9411764705882353,1.5294117647058822,3.0588235294117645,0.7058823529411765,0.23529411764705882,0.058823529411764705,0.058823529411764705,0.5882352941176471,0.35294117647058826
2026-01-18,20,0.50493,0.5612221233025392,10.0986,-0.0020015092159773357,0.031139857676997274,1.3,1.7,0.6,0.05,0.8,0.1,0.1,0.3,0.25,0.45
2026-01-19,20,0.390935,0.6171923066981378,7.8187,-0.010072113009707192,0.022576305427608665,2.95,1.15,1.45,0.2,0.7,0.3,0.0,0.15,0.55,0.3
2026-01-20,21,0.4673380952380952,0.6379723759507072,9.8141,-0.0009430907558128051,0.016229589272831555,1.6666666666666667,0.9523809523809523,0.6190476190476191,0.09523809523809523,0.7619047619047619,0.19047619047619047,0.047619047619047616,0.23809523809523808,0.5238095238095238,0.23809523809523808
2026-01-21,29,0.19429655172413793,0.7269042835805033,5.6346,-0.006076481896402954,0.02071665614254372,3.1724137931034484,1.2758620689655173,0.8620689655172413,0.6551724137931034,0.5517241379310345,0.4482758620689655,0.0,0.20689655172413793,0.4482758620689655,0.3448275862068966
2026-01-22,15,0.13932,0.8323249658980216,2.0898,-0.0063238507933246054,0.031203134829895385,4.2,1.6666666666666667,0.9333333333333333,0.8,0.6666666666666666,0.3333333333333333,0.0,0.4,0.4,0.2
2026-01-23,20,0.621645,0.46715250690810417,12.4329,-0.008290182712423124,0.02095442644211752,2.2,1.9,1.0,0.1,0.9,0.1,0.0,0.2,0.55,0.25
2026-01-24,12,0.347825,0.7363260704643388,4.1739,-0.016984819500084864,0.028556833128115366,6.583333333333333,2.9166666666666665,1.8333333333333333,0.5833333333333334,0.6666666666666666,0.25,0.08333333333333333,0.16666666666666666,0.6666666666666666,0.16666666666666666
2026-01-25,13,0.3686076923076923,0.711818327081588,4.7919,0.013135657441848815,0.03810224315461781,1.9230769230769231,1.6153846153846154,1.1538461538461537,0.07692307692307693,0.7692307692307693,0.23076923076923078,0.0,0.6153846153846154,0.23076923076923078,0.15384615384615385
2026-01-26,22,0.232,0.6939679222722454,5.104,-0.008233866405697527,0.021403408885339852,2.5,1.5454545454545454,1.4545454545454546,0.22727272727272727,0.5909090909090909,0.3181818181818182,0.09090909090909091,0.18181818181818182,0.3181818181818182,0.5
2026-01-27,17,0.5807941176470588,0.587837927781319,9.8735,-0.003308359944881539,0.03542939129629353,8.647058823529411,4.0,2.5294117647058822,12.705882352941176,0.8235294117647058,0.11764705882352941,0.058823529411764705,0.35294117647058826,0.35294117647058826,0.29411764705882354
2026-01-28,30,0.2555633333333333,0.5940083910259142,7.6669,-0.004899323198678358,0.03706958717782885,3.6333333333333333,1.0,0.7333333333333333,3.533333333333333,0.7,0.23333333333333334,0.06666666666666667,0.2,0.4666666666666667,0.3333333333333333
2026-01-29,20,0.42455,0.5828923404251558,8.491,-0.02307115481286656,0.04397193602891999,2.75,0.45,0.65,0.3,0.75,0.1,0.15,0.1,0.55,0.35
2026-01-30,19,0.5802578947368421,0.4359908336393597,11.0249,0.0036307115274343835,0.029273009932032117,1.263157894736842,1.368421052631579,0.7368421052631579,0.3157894736842105,0.7894736842105263,0.05263157894736842,0.15789473684210525,0.2631578947368421,0.21052631578947367,0.5263157894736842
2026-01-31,19,0.521357894736842,0.5341266592566364,9.9058,-0.0005657343627995224,0.029028512195434245,1.6842105263157894,1.4736842105263157,1.1578947368421053,0.0,0.7368421052631579,0.10526315789473684,0.15789473684210525,0.3684210526315789,0.2631578947368421,0.3684210526315789
2026-02-01,10,0.48758,0.4848098706365895,4.8758,-0.013152831439033877,0.021657730086892594,3.0,1.4,0.6,0.0,0.7,0.2,0.1,0.2,0.5,0.3
2026-02-02,17,0.5381470588235294,0.453705070940428,9.1485,-0.0029501005397194625,0.02084353269064664,1.9411764705882353,0.7647058823529411,0.5882352941176471,0.058823529411764705,0.8823529411764706,0.11764705882352941,0.0,0.17647058823529413,0.35294117647058826,0.47058823529411764
2026-02-03,9,0.6564333333333333,0.44595194247811054,5.9079,-0.0042963279167230715,0.027313894733857067,1.5555555555555556,0.8888888888888888,0.8888888888888888,0.2222222222222222,0.7777777777777778,0.1111111111111111,0.1111111111111111,0.3333333333333333,0.3333333333333333,0.3333333333333333
2026-02-04,14,0.6452,0.3819277700540529,9.0328,-0.003187477637982094,0.023160381256502695,1.4285714285714286,1.5,0.42857142857142855,0.21428571428571427,0.9285714285714286,0.07142857142857142,0.0,0.2857142857142857,0.2857142857142857,0.42857142857142855
2026-02-05,11,0.39236363636363636,0.8104429051731248,4.316,-0.0066666444611945454,0.013869068770211861,3.909090909090909,2.5454545454545454,1.7272727272727273,0.36363636363636365,0.7272727272727273,0.2727272727272727,0.0,0.2727272727272727,0.45454545454545453,0.2727272727272727
2026-02-06,14,0.01824999999999999,0.6971780555595867,0.25549999999999984,-0.007876061110767342,0.03185221567373171,1.7857142857142858,0.7142857142857143,1.6428571428571428,0.14285714285714285,0.5,0.5,0.0,0.21428571428571427,0.5714285714285714,0.21428571428571427
2026-02-07,13,0.5576384615384615,0.5429760223964184,7.2493,-0.0026269275671018002,0.012256460932297882,2.230769230769231,1.2307692307692308,1.2307692307692308,0.07692307692307693,0.8461538461538461,0.07692307692307693,0.07692307692307693,0.23076923076923078,0.38461538461538464,0.38461538461538464
2026-02-08,12,0.17921666666666666,0.6860548942167731,2.1506,0.00012296665766803458,0.013126225763740553,1.9166666666666667,1.1666666666666667,0.6666666666666666,0.3333333333333333,0.5833333333333334,0.3333333333333333,0.08333333333333333,0.16666666666666666,0.4166666666666667,0.4166666666666667
2026-02-09,10,0.50086,0.6986379815994356,5.0085999999999995,-0.0023484596136901657,0.024022721871995292,0.6,0.9,0.7,0.1,0.7,0.3,0.0,0.5,0.3,0.2
2026-02-10,20,0.290975,0.6591063590195441,5.8195,-0.018232479067801226,0.03899842366434439,1.35,0.7,0.65,0.65,0.65,0.35,0.0,0.3,0.5,0.2
2026-02-11,17,0.36361176470588236,0.6679896760826033,6.1814,-0.004603733452376754,0.02396562371595151,1.411764705882353,0.9411764705882353,0.6470588235294118,0.058823529411764705,0.7058823529411765,0.23529411764705882,0.058823529411764705,0.35294117647058826,0.29411764705882354,0.35294117647058826
2026-02-12,14,0.43409285714285717,0.47159079142879745,6.0773,-0.00591993444511918,0.026750779776512953,0.7857142857142857,0.8571428571428571,1.3571428571428572,0.0,0.7857142857142857,0.07142857142857142,0.14285714285714285,0.21428571428571427,0.14285714285714285,0.6428571428571429
2026-02-13,15,0.06640666666666667,0.6171666346720154,0.9961000000000001,-0.011948446286570802,0.017614791150536463,3.2666666666666666,0.4,0.6,0.3333333333333333,0.5333333333333333,0.3333333333333333,0.13333333333333333,0.06666666666666667,0.4666666666666667,0.4666666666666667
2026-02-14,18,0.2886944444444445,0.701901332493076,5.1965,-0.00764492940686891,0.024494554204872458,4.444444444444445,2.2222222222222223,1.3333333333333333,0.3333333333333333,0.6111111111111112,0.2777777777777778,0.1111111111111111,0.2777777777777778,0.4444444444444444,0.2777777777777778
2026-02-15,17,0.4645705882352941,0.5126425420854988,7.8977,-0.006383071990495145,0.02081936315751708,3.588235294117647,1.5294117647058822,0.8823529411764706,0.29411764705882354,0.7647058823529411,0.11764705882352941,0.11764705882352941,0.23529411764705882,0.47058823529411764,0.29411764705882354
2026-02-16,12,0.6981166666666666,0.5156430862760039,8.3774,-0.009255021937120732,0.015330214589243512,4.166666666666667,1.6666666666666667,1.25,0.25,0.9166666666666666,0.08333333333333333,0.0,0.16666666666666666,0.6666666666666666,0.16666666666666666
2026-02-17,23,0.2577913043478261,0.578826041470652,5.9292,-0.00020030558747066612,0.005606914533406004,0.5652173913043478,0.4782608695652174,0.391304347826087,0.0,0.5217391304347826,0.21739130434782608,0.2608695652173913,0.13043478260869565,0.17391304347826086,0.6956521739130435
2026-02-18,15,0.6862999999999999,0.3456095484792051,10.2945,0.010388949709909988,0.053681868244717774,3.0,1.2,1.0666666666666667,0.8,0.8666666666666667,0.0,0.13333333333333333,0.2,0.4,0.4
2026-02-19,21,0.5779285714285715,0.43391953763671115,12.1365,-7.092250283365538e-05,0.010703728256358614,1.0476190476190477,0.7619047619047619,0.8571428571428571,0.19047619047619047,0.9047619047619048,0.047619047619047616,0.047619047619047616,0.2857142857142857,0.3333333333333333,0.38095238095238093
2026-02-20,19,0.3903684210526316,0.668558118517947,7.417,-0.00243993278555736,0.013075142441633441,1.0,0.8421052631578947,0.5789473684210527,0.05263157894736842,0.6842105263157895,0.15789473684210525,0.15789473684210525,0.21052631578947367,0.3157894736842105,0.47368421052631576
2026-02-21,9,0.6374222222222222,0.5002385425419001,5.7368,0.0001769733920101673,0.008338080068758377,3.0,2.5555555555555554,1.8888888888888888,0.6666666666666666,0.7777777777777778,0.1111111111111111,0.1111111111111111,0.4444444444444444,0.3333333333333333,0.2222222222222222
2026-02-22,24,0.38399999999999995,0.7457897832965837,9.216,0.0008502096410561515,0.019082042686876223,3.0833333333333335,2.2916666666666665,1.7916666666666667,0.20833333333333334,0.7083333333333334,0.20833333333333334,0.08333333333333333,0.4583333333333333,0.2916666666666667,0.25
2026-02-23,24,0.1764125,0.6329889011407634,4.2339,-0.005472182004730509,0.023789489889221256,2.1666666666666665,0.9166666666666666,1.125,0.08333333333333333,0.4583333333333333,0.3333333333333333,0.20833333333333334,0.20833333333333334,0.3333333333333333,0.4583333333333333
2026-02-24,13,0.23381538461538462,0.739734830695155,3.0396,-0.02020022285274866,0.03932301173224837,2.4615384615384617,0.6153846153846154,1.7692307692307692,0.46153846153846156,0.5384615384615384,0.38461538461538464,0.07692307692307693,0.07692307692307693,0.5384615384615384,0.38461538461538464
2026-02-25,17,0.5526235294117647,0.48881977319024716,9.3946,0.020408007671306298,0.04139425240140499,0.5294117647058824,1.0588235294117647,0.35294117647058826,0.17647058823529413,0.8823529411764706,0.11764705882352941,0.0,0.6470588235294118,0.17647058823529413,0.17647058823529413
2026-02-26,16,0.40046875,0.5794656822956242,6.4075,-0.0025492161758282,0.013237315144172864,1.8125,1.3125,0.3125,0.5,0.6875,0.1875,0.125,0.1875,0.3125,0.5
2026-02-27,18,0.3096,0.612186342257861,5.5728,-0.00095750225091335,0.01568853430538998,2.0,1.5,1.2777777777777777,0.1111111111111111,0.7222222222222222,0.16666666666666666,0.1111111111111111,0.2222222222222222,0.3333333333333333,0.4444444444444444
2026-02-28,19,0.09258421052631578,0.8013162707994599,1.7590999999999999,-0.01584402219370117,0.030862912114423432,5.684210526315789,2.5789473684210527,2.210526315789474,0.21052631578947367,0.47368421052631576,0.42105263157894735,0.10526315789473684,0.21052631578947367,0.631578947368421,0.15789473684210525
2026-03-01,21,-0.03140952380952381,0.8478270465753979,-0.6596,-0.007072261351882444,0.03325271120977565,4.666666666666667,2.380952380952381,1.0952380952380953,0.3333333333333333,0.5714285714285714,0.42857142857142855,0.0,0.09523809523809523,0.5714285714285714,0.3333333333333333
2026-03-02,15,0.12214666666666665,0.7906482004990468,1.8321999999999998,-0.01575181856981493,0.060182565450178305,3.6666666666666665,0.8666666666666667,1.1333333333333333,0.4,0.4666666666666667,0.4,0.13333333333333333,0.2,0.6,0.2
2026-03-03,17,0.3629176470588235,0.5869855058211554,6.1696,0.0015587215073138549,0.02724592226466952,1.7058823529411764,1.4705882352941178,1.0,0.11764705882352941,0.7058823529411765,0.17647058823529413,0.11764705882352941,0.29411764705882354,0.35294117647058826,0.35294117647058826
2026-03-04,18,0.38484444444444443,0.6371480382253241,6.9272,-0.0008174643053673313,0.02498922700824184,3.7777777777777777,1.7222222222222223,1.6666666666666667,0.4444444444444444,0.7777777777777778,0.2222222222222222,0.0,0.3333333333333333,0.3888888888888889,0.2777777777777778
2026-03-05,13,0.26407692307692304,0.811778647121909,3.433,-0.014893183551630919,0.0391864827211083,2.3846153846153846,1.2307692307692308,1.1538461538461537,0.07692307692307693,0.6153846153846154,0.3076923076923077,0.07692307692307693,0.3076923076923077,0.5384615384615384,0.15384615384615385
2026-03-06,31,0.3761258064516129,0.6304786673460845,11.6599,-0.005909827895606368,0.01770800744728689,2.870967741935484,1.4838709677419355,0.8709677419354839,0.12903225806451613,0.6451612903225806,0.1935483870967742,0.16129032258064516,0.1935483870967742,0.45161290322580644,0.3548387096774194
2026-03-07,27,0.10330740740740742,0.6612037803686464,2.7893000000000003,-0.013215708199297991,0.03454424127500441,2.5925925925925926,0.7407407407407407,0.7037037037037037,0.1111111111111111,0.48148148148148145,0.3333333333333333,0.18518518518518517,0.14814814814814814,0.4444444444444444,0.4074074074074074
2026-03-08,26,0.05449615384615385,0.7191799065495471,1.4169,-0.00948021632270486,0.016704909178408545,2.769230769230769,1.0,1.2692307692307692,0.19230769230769232,0.46153846153846156,0.34615384615384615,0.19230769230769232,0.15384615384615385,0.5769230769230769,0.2692307692307692
2026-03-09,33,-0.015427272727272724,0.6704177835838296,-0.5090999999999999,-0.010949573538602389,0.03586524296644197,2.272727272727273,0.8787878787878788,0.9090909090909091,0.18181818181818182,0.5151515151515151,0.45454545454545453,0.030303030303030304,0.15151515151515152,0.42424242424242425,0.42424242424242425
2026-03-10,15,0.20844000000000001,0.6348641370966142,3.1266000000000003,-0.0012471560513640026,0.018079134084984714,1.0,0.6,0.6,0.2,0.6,0.4,0.0,0.26666666666666666,0.26666666666666666,0.4666666666666667
2026-03-11,14,0.13227142857142857,0.8369625829597911,1.8518,-0.005460220095269823,0.024624498434216394,6.785714285714286,3.5,4.428571428571429,0.14285714285714285,0.5714285714285714,0.42857142857142855,0.0,0.35714285714285715,0.5714285714285714,0.07142857142857142
2026-03-12,10,0.47314999999999996,0.6266282350804183,4.7315,-0.002825863095455572,0.022621417440404062,1.2,1.4,2.1,0.0,0.7,0.2,0.1,0.3,0.2,0.5
2026-03-13,15,-0.019533333333333344,0.7205355960936942,-0.29300000000000015,-0.04185595439990098,0.07402055677709121,1.8,0.5333333333333333,0.26666666666666666,0.2,0.4,0.4666666666666667,0.13333333333333333,0.2,0.4666666666666667,0.3333333333333333
2026-03-14,13,0.032269230769230765,0.745761270318922,0.41949999999999993,-0.0069243535886127795,0.013082875978412145,2.5384615384615383,0.6923076923076923,0.5384615384615384,0.07692307692307693,0.38461538461538464,0.46153846153846156,0.15384615384615385,0.07692307692307693,0.38461538461538464,0.5384615384615384
2026-03-15,14,0.4053785714285714,0.4925549327873865,5.6753,-0.004260519660808223,0.014749940897239671,3.2857142857142856,1.2142857142857142,0.8571428571428571,0.35714285714285715,0.5714285714285714,0.07142857142857142,0.35714285714285715,0.07142857142857142,0.42857142857142855,0.5
2026-03-16,18,0.2650444444444444,0.5421287650627817,4.7707999999999995,-0.012463546519305589,0.026345012942365353,2.7777777777777777,1.0,1.0555555555555556,0.3333333333333333,0.6666666666666666,0.2222222222222222,0.1111111111111111,0.2777777777777778,0.5,0.2222222222222222
2026-03-17,15,0.49250666666666665,0.6036375230534424,7.3876,-0.004243746145455622,0.023796771407305583,1.4,0.8666666666666667,0.6,0.06666666666666667,0.7333333333333333,0.13333333333333333,0.13333333333333333,0.26666666666666666,0.4666666666666667,0.26666666666666666
2026-03-18,12,0.242125,0.8753689561083268,2.9055,-0.00487089886784076,0.029079788439824616,7.916666666666667,2.5,2.5,0.8333333333333334,0.5833333333333334,0.3333333333333333,0.08333333333333333,0.3333333333333333,0.5833333333333334,0.08333333333333333
2026-03-19,22,0.31634999999999996,0.6701795301402809,6.9597,-0.005606724731638123,0.03250974804868666,4.363636363636363,1.3636363636363635,1.4090909090909092,0.4090909090909091,0.6363636363636364,0.22727272727272727,0.13636363636363635,0.36363636363636365,0.45454545454545453,0.18181818181818182
2026-03-20,6,0.2663333333333333,0.9342134267214675,1.5979999999999999,-0.006198893020602819,0.02853428398023094,11.333333333333334,2.0,3.0,0.16666666666666666,0.6666666666666666,0.3333333333333333,0.0,0.3333333333333333,0.5,0.16666666666666666
2026-03-21,9,0.22582222222222223,0.6313827202612093,2.0324,-0.0018567856609082484,0.010965989175058475,2.2222222222222223,1.0,0.7777777777777778,0.1111111111111111,0.6666666666666666,0.2222222222222222,0.1111111111111111,0.1111111111111111,0.2222222222222222,0.6666666666666666
2026-03-22,19,0.10572105263157894,0.760130236340346,2.0086999999999997,-0.0018016146307267172,0.019392979332197843,6.052631578947368,1.631578947368421,2.473684210526316,0.7894736842105263,0.5789473684210527,0.3684210526315789,0.05263157894736842,0.2631578947368421,0.2631578947368421,0.47368421052631576
2026-03-23,14,0.18605714285714287,0.7881206152460576,2.6048,-0.0011909793948346927,0.01686862390489005,3.2857142857142856,1.9285714285714286,1.5714285714285714,0.35714285714285715,0.5714285714285714,0.2857142857142857,0.14285714285714285,0.2857142857142857,0.42857142857142855,0.2857142857142857
2026-03-24,24,0.4748125,0.6297407729703582,11.3955,-0.0023704404593994943,0.011100767392784747,4.083333333333333,2.0833333333333335,2.5833333333333335,0.25,0.7083333333333334,0.125,0.16666666666666666,0.125,0.4166666666666667,0.4583333333333333
2026-03-25,20,0.07315,0.5858970993720924,1.463,-0.015217090227360683,0.024352585607225006,1.8,0.55,0.8,0.3,0.35,0.3,0.35,0.05,0.5,0.45
2026-03-26,28,0.3303607142857143,0.577183652228189,9.2501,-0.008863729116467881,0.039431983150843786,2.5,1.8571428571428572,1.4642857142857142,0.5357142857142857,0.6428571428571429,0.10714285714285714,0.25,0.25,0.2857142857142857,0.4642857142857143
2026-03-27,1,0.9652,,0.9652,-0.007220216606498195,,2.0,0.0,0.0,0.0,1.0,0.0,0.0,0.0,1.0,0.0
