date,post_count,avg_score,total_score,avg_comments,total_comments,avg_relevance,pct_has_body,pct_mostly_urdu,avg_word_count,subreddit
2025-04-04,1,6.0,6,1.0,1,3.0,1.0,0.0,74.0,pkfinance
2025-04-07,1,6.0,6,1.0,1,2.0,1.0,0.0,54.0,pkfinance
2025-04-09,1,1.0,1,1.0,1,3.0,1.0,0.0,70.0,pkfinance
2025-04-10,1,7.0,7,2.0,2,1.0,1.0,0.0,69.0,pkfinance
2025-04-11,1,5.0,5,3.0,3,1.0,1.0,0.0,57.0,pkfinance
2025-04-15,1,0.0,0,4.0,4,2.0,1.0,0.0,93.0,pkfinance
2025-04-24,4,2.0,8,0.75,3,1.5,0.5,0.0,38.25,pkfinance
2025-04-25,2,2.0,4,0.0,0,1.0,0.5,0.0,49.5,pkfinance
2025-04-28,1,3.0,3,5.0,5,3.0,1.0,0.0,62.0,pkfinance
2025-04-29,1,1.0,1,3.0,3,1.0,0.0,0.0,10.0,pkfinance
2025-05-01,1,3.0,3,1.0,1,1.0,1.0,0.0,18.0,pkfinance
2025-05-05,1,3.0,3,0.0,0,2.0,1.0,0.0,71.0,pkfinance
2025-05-13,1,6.0,6,2.0,2,1.0,1.0,0.0,74.0,pkfinance
2025-05-15,1,2.0,2,0.0,0,1.0,1.0,0.0,329.0,pkfinance
2025-05-28,1,2.0,2,1.0,1,1.0,1.0,0.0,90.0,pkfinance
2025-05-30,2,0.5,1,12.0,24,1.0,0.5,0.0,65.5,pkfinance
2025-06-03,1,2.0,2,0.0,0,1.0,1.0,0.0,56.0,pkfinance
2025-06-05,2,2.0,4,14.0,28,3.0,1.0,0.0,124.5,pkfinance
2025-06-10,2,0.0,0,0.5,1,3.5,1.0,0.0,128.0,pkfinance
2025-06-11,3,1.6666666666666667,5,11.0,33,2.3333333333333335,1.0,0.0,76.0,pkfinance
2025-06-12,2,1.0,2,4.0,8,1.5,0.5,0.0,57.5,pkfinance
2025-06-17,1,1.0,1,0.0,0,1.0,0.0,0.0,10.0,pkfinance
2025-06-27,2,28.5,57,31.5,63,1.0,0.5,0.0,80.0,pkfinance
2025-07-07,1,1.0,1,0.0,0,1.0,1.0,0.0,69.0,pkfinance
2025-07-11,1,1.0,1,0.0,0,1.0,1.0,0.0,431.0,pkfinance
2025-08-05,1,4.0,4,7.0,7,1.0,1.0,0.0,103.0,pkfinance
2025-08-06,1,7.0,7,0.0,0,1.0,1.0,0.0,105.0,pkfinance
2025-08-13,2,1.0,2,0.0,0,1.0,0.0,0.0,9.0,pkfinance
2025-09-27,2,3.5,7,5.5,11,1.5,1.0,0.0,76.5,pkfinance
2025-09-30,1,6.0,6,7.0,7,2.0,1.0,0.0,191.0,pkfinance
2025-10-05,1,1.0,1,1.0,1,2.0,1.0,0.0,131.0,pkfinance
2025-10-06,1,3.0,3,12.0,12,1.0,1.0,0.0,63.0,pkfinance
2025-10-10,1,1.0,1,0.0,0,2.0,1.0,0.0,187.0,pkfinance
2025-10-11,1,9.0,9,3.0,3,3.0,1.0,0.0,349.0,pkfinance
2025-10-14,1,5.0,5,6.0,6,1.0,1.0,0.0,165.0,pkfinance
2025-10-15,1,1.0,1,1.0,1,1.0,1.0,0.0,40.0,pkfinance
2025-10-21,1,1.0,1,0.0,0,1.0,0.0,0.0,6.0,pkfinance
2025-10-28,2,3.5,7,3.5,7,1.0,0.5,0.0,69.5,pkfinance
2025-11-04,1,9.0,9,14.0,14,1.0,1.0,0.0,72.0,pkfinance
2025-11-05,1,5.0,5,2.0,2,1.0,1.0,0.0,47.0,pkfinance
2025-11-06,1,3.0,3,4.0,4,1.0,1.0,0.0,145.0,pkfinance
2025-11-09,1,7.0,7,3.0,3,2.0,1.0,0.0,215.0,pkfinance
2025-11-11,2,3.0,6,1.0,2,1.5,1.0,0.0,217.5,pkfinance
2025-11-14,1,3.0,3,2.0,2,1.0,1.0,0.0,201.0,pkfinance
2025-11-19,2,4.0,8,9.0,18,1.5,1.0,0.0,370.0,pkfinance
2025-11-20,1,6.0,6,8.0,8,2.0,1.0,0.0,447.0,pkfinance
2025-11-22,1,5.0,5,3.0,3,2.0,1.0,0.0,83.0,pkfinance
2025-11-26,1,0.0,0,0.0,0,2.0,1.0,0.0,236.0,pkfinance
2025-11-27,1,1.0,1,0.0,0,1.0,1.0,0.0,177.0,pkfinance
2025-12-02,1,3.0,3,4.0,4,1.0,1.0,0.0,179.0,pkfinance
2025-12-05,1,15.0,15,33.0,33,1.0,1.0,0.0,58.0,pkfinance
2025-12-06,1,1.0,1,0.0,0,1.0,0.0,0.0,12.0,pkfinance
2025-12-10,1,1.0,1,0.0,0,1.0,1.0,0.0,20.0,pkfinance
2026-01-31,1,1.0,1,0.0,0,1.0,1.0,0.0,292.0,pkfinance
2026-02-14,1,0.0,0,0.0,0,2.0,1.0,0.0,66.0,pkfinance
2026-02-19,1,1.0,1,1.0,1,1.0,1.0,0.0,89.0,pkfinance
2026-02-22,1,1.0,1,0.0,0,2.0,1.0,0.0,174.0,pkfinance
2026-03-02,1,3.0,3,0.0,0,2.0,1.0,0.0,212.0,pkfinance
2026-03-09,1,1.0,1,0.0,0,1.0,1.0,0.0,166.0,pkfinance
2026-03-13,2,1.5,3,0.5,1,1.5,0.5,0.0,264.0,pkfinance
2026-03-14,2,4.0,8,2.0,4,1.0,1.0,0.0,129.5,pkfinance
2026-03-24,2,1.5,3,0.0,0,1.0,1.0,0.0,830.0,pkfinance
