"Date","Price","Open","High","Low","Vol.","Change %"
"03/27/2026","265.62","270.00","271.75","262.75","8.37M","-3.10%"
"03/26/2026","274.13","279.99","281.50","272.30","5.01M","-2.67%"
"03/25/2026","281.64","278.00","283.98","277.50","5.68M","1.86%"
"03/24/2026","276.50","285.00","289.30","275.00","5.29M","-0.04%"
"03/19/2026","276.61","275.01","279.88","270.05","3.02M","-1.12%"
"03/18/2026","279.75","264.00","281.99","262.01","5.14M","6.51%"
"03/17/2026","262.64","264.00","268.00","256.60","3.05M","0.30%"
"03/16/2026","261.86","272.99","275.50","259.52","2.41M","-4.11%"
"03/13/2026","273.09","272.80","276.65","269.00","2.92M","-0.63%"
"03/12/2026","274.81","283.40","285.50","273.65","4.56M","-2.99%"
"03/11/2026","283.27","289.95","291.10","281.50","3.78M","-1.85%"
"03/10/2026","288.60","290.00","297.90","281.01","7.44M","5.92%"
"03/09/2026","272.48","267.00","275.40","253.26","6.82M","-1.20%"
"03/06/2026","275.79","284.00","285.98","273.50","5.94M","-3.33%"
"03/05/2026","285.28","266.00","288.55","266.00","8.15M","8.24%"
"03/04/2026","263.56","261.95","265.48","256.25","5.85M","1.23%"
"03/03/2026","260.35","255.50","266.00","250.02","7.42M","2.05%"
"03/02/2026","255.12","255.12","274.00","255.12","11.96M","-10.00%"
"02/27/2026","283.47","286.00","287.70","282.00","2.21M","-1.23%"
"02/26/2026","287.00","282.10","290.00","277.51","4.36M","1.77%"
"02/25/2026","282.01","286.00","287.95","280.01","2.20M","-1.25%"
"02/24/2026","285.57","285.01","292.01","278.98","7.32M","0.25%"
"02/23/2026","284.85","289.88","294.40","282.50","4.99M","-1.91%"
"02/20/2026","290.41","285.12","292.99","280.50","3.60M","2.38%"
"02/19/2026","283.67","298.89","298.89","279.50","4.48M","-4.65%"
"02/18/2026","297.49","295.56","299.98","291.50","5.13M","1.32%"
"02/17/2026","293.60","287.00","295.40","284.37","6.86M","2.87%"
"02/16/2026","285.41","295.00","296.35","281.51","14.89M","-3.17%"
"02/13/2026","294.74","297.01","298.42","289.50","14.03M","-1.91%"
"02/12/2026","300.47","307.90","307.90","294.60","8.21M","-1.91%"
"02/11/2026","306.32","309.51","311.90","305.00","2.09M","-0.56%"
"02/10/2026","308.05","310.99","312.50","307.00","2.69M","-0.65%"
"02/09/2026","310.07","325.00","325.00","306.21","12.79M","-3.46%"
"02/06/2026","321.18","329.00","329.00","315.80","6.35M","-2.32%"
"02/04/2026","328.80","329.02","331.00","326.00","1.78M","-0.07%"
"02/03/2026","329.02","328.97","332.50","327.00","4.33M","0.02%"
"02/02/2026","328.97","323.79","330.98","320.26","5.48M","1.56%"
"01/30/2026","323.93","325.00","329.50","318.60","6.71M","0.66%"
"01/29/2026","321.81","335.01","336.00","320.16","10.91M","-3.52%"
"01/28/2026","333.56","332.51","336.20","331.60","6.69M","1.04%"
"01/27/2026","330.12","326.00","333.00","323.00","7.15M","0.81%"
"01/26/2026","327.47","329.00","332.50","325.00","4.36M","-0.12%"
"01/23/2026","327.85","332.55","335.00","325.00","4.98M","-1.40%"
"01/22/2026","332.49","330.00","334.00","328.65","3.16M","0.37%"
"01/21/2026","331.26","334.10","336.60","330.00","8.14M","-0.79%"
"01/20/2026","333.90","333.50","334.89","328.00","7.15M","1.50%"
"01/19/2026","328.98","333.70","337.10","326.00","10.05M","-0.01%"
"01/16/2026","329.00","309.50","331.80","309.20","19.79M","6.75%"
"01/15/2026","308.20","305.40","311.00","302.32","8.79M","1.63%"
"01/14/2026","303.25","294.58","304.80","294.58","18.16M","2.94%"
"01/13/2026","294.58","289.88","295.01","288.45","6.37M","1.62%"
"01/12/2026","289.88","290.99","293.00","289.30","3.82M","-1.10%"
"01/09/2026","293.11","296.10","296.13","290.15","5.15M","-1.01%"
"01/08/2026","296.11","297.26","301.90","294.00","11.61M","0.08%"
"01/07/2026","295.87","293.44","298.50","290.00","19.92M","0.82%"
"01/06/2026","293.45","295.39","295.98","290.50","6.36M","-0.69%"
"01/05/2026","295.48","294.60","301.99","293.75","8.89M","0.42%"
"01/02/2026","294.24","288.99","299.50","288.50","11.02M","2.23%"
"01/01/2026","287.82","282.00","288.85","281.20","9.99M","2.39%"
"12/31/2025","281.09","280.89","283.94","279.00","5.92M","0.14%"
"12/30/2025","280.71","273.98","281.80","273.50","8.99M","2.61%"
"12/29/2025","273.57","271.25","274.49","270.39","4.28M","1.17%"
"12/26/2025","270.40","267.46","271.00","267.25","3.33M","1.10%"
"12/24/2025","267.46","265.00","268.68","265.00","1.48M","0.99%"
"12/23/2025","264.84","267.00","267.50","264.50","1.17M","-0.76%"
"12/22/2025","266.87","268.50","269.00","266.00","1.69M","-0.42%"
"12/19/2025","267.99","270.00","271.70","267.38","1.87M","-0.48%"
"12/18/2025","269.29","272.00","272.00","268.75","2.91M","-0.75%"
"12/17/2025","271.33","275.49","275.98","270.00","3.61M","-1.55%"
"12/16/2025","275.60","279.49","280.49","274.50","3.97M","-1.10%"
"12/15/2025","278.67","279.89","280.80","276.82","6.87M","1.29%"
"12/12/2025","275.11","273.35","275.99","271.25","4.32M","0.84%"
"12/11/2025","272.83","277.90","279.10","272.35","8.80M","0.97%"
"12/10/2025","270.21","273.50","273.75","269.80","3.00M","-0.80%"
"12/09/2025","272.40","275.99","276.95","271.26","4.11M","-0.71%"
"12/08/2025","274.36","274.65","278.20","273.50","5.50M","-0.08%"
"12/05/2025","274.58","273.87","276.00","271.25","6.62M","1.44%"
"12/04/2025","270.67","270.90","271.99","266.40","1.96M","0.49%"
"12/03/2025","269.34","270.60","270.60","264.91","2.66M","0.73%"
"12/02/2025","267.39","272.70","273.50","266.66","4.11M","-1.36%"
"12/01/2025","271.07","265.30","271.90","262.00","7.54M","2.21%"
"11/28/2025","265.21","261.00","266.00","261.00","9.01M","1.89%"
"11/27/2025","260.28","254.34","261.10","253.15","5.91M","2.63%"
"11/26/2025","253.62","249.64","255.50","246.00","4.16M","1.69%"
"11/25/2025","249.40","251.00","252.20","248.05","1.55M","-0.55%"
"11/24/2025","250.79","253.00","254.00","249.15","2.70M","-1.28%"
"11/21/2025","254.04","253.11","258.30","253.11","4.40M","-0.53%"
"11/20/2025","255.40","253.90","256.74","253.02","4.67M","1.64%"
"11/19/2025","251.29","246.89","253.90","245.42","4.97M","2.39%"
"11/18/2025","245.42","247.79","247.79","243.90","1.74M","-0.37%"
"11/17/2025","246.34","248.48","250.70","245.48","2.96M","-0.44%"
"11/14/2025","247.42","244.15","249.00","243.25","3.34M","1.76%"
"11/13/2025","243.15","241.25","243.88","240.70","2.37M","1.25%"
"11/12/2025","240.15","243.02","246.47","238.20","5.76M","-1.26%"
"11/11/2025","243.21","252.97","252.97","242.42","5.85M","-3.74%"
"11/10/2025","252.65","250.19","253.99","246.45","6.79M","2.69%"
"11/07/2025","246.04","244.70","247.50","242.00","3.22M","-0.91%"
"11/06/2025","248.30","251.97","252.00","247.37","3.48M","-1.02%"
"11/05/2025","250.87","255.06","255.99","249.25","3.46M","-1.29%"
"11/04/2025","254.16","257.00","257.32","252.30","3.05M","-1.23%"
"11/03/2025","257.32","259.00","259.90","256.90","3.41M","0.25%"
"10/31/2025","256.67","255.00","259.60","255.00","2.72M","1.13%"
"10/30/2025","253.80","260.00","260.00","253.06","2.43M","-1.08%"
"10/29/2025","256.58","258.80","260.20","255.00","4.01M","0.27%"
"10/28/2025","255.89","260.76","262.65","255.00","1.39M","-1.87%"
"10/27/2025","260.76","264.10","265.10","260.00","3.53M","-1.33%"
"10/24/2025","264.27","266.80","270.39","263.70","2.78M","-0.77%"
"10/23/2025","266.32","265.00","272.55","265.00","3.98M","-0.22%"
"10/22/2025","266.92","264.51","273.31","262.61","8.80M","0.87%"
"10/21/2025","264.63","260.00","268.00","260.00","6.00M","0.28%"
"10/20/2025","263.90","260.01","265.20","256.95","5.68M","2.20%"
"10/17/2025","258.21","259.95","262.30","257.10","6.47M","-0.26%"
"10/16/2025","258.88","260.00","262.80","257.50","4.53M","-0.68%"
"10/15/2025","260.64","267.40","267.40","258.80","4.52M","-1.36%"
"10/14/2025","264.23","255.99","265.10","254.11","7.82M","4.50%"
"10/13/2025","252.84","261.00","261.90","250.00","7.68M","-4.22%"
"10/10/2025","263.97","266.00","267.99","262.30","3.03M","-1.33%"
"10/09/2025","267.53","269.00","272.30","266.90","3.06M","-0.75%"
"10/08/2025","269.56","272.00","273.40","269.00","2.53M","-0.66%"
"10/07/2025","271.34","275.00","276.25","270.90","4.31M","-1.15%"
"10/06/2025","274.49","277.00","277.00","270.50","3.72M","-1.23%"
"10/03/2025","277.92","278.50","280.79","277.00","3.02M","-0.18%"
"10/02/2025","278.41","277.49","279.99","275.55","3.12M","0.62%"
"10/01/2025","276.69","278.00","280.50","275.90","6.11M","-0.19%"
"09/30/2025","277.23","282.70","284.80","276.12","9.77M","-1.52%"
"09/29/2025","281.50","282.00","282.00","278.06","4.92M","0.35%"
"09/26/2025","280.53","278.00","282.20","277.88","7.87M","0.95%"
"09/25/2025","277.88","282.86","284.70","276.20","10.97M","-1.76%"
"09/24/2025","282.86","285.80","287.74","281.45","13.70M","0.05%"
"09/23/2025","282.71","282.50","288.00","281.00","16.35M","0.74%"
"09/22/2025","280.64","278.00","284.10","277.94","9.75M","1.22%"
"09/19/2025","277.26","273.00","290.00","272.50","21.41M","1.89%"
"09/18/2025","272.12","274.40","274.40","271.00","4.16M","0.64%"
"09/17/2025","270.40","273.50","274.15","270.00","5.14M","-0.66%"
"09/16/2025","272.19","269.00","273.11","268.50","3.91M","1.37%"
"09/15/2025","268.52","268.98","271.25","267.50","2.59M","0.35%"
"09/12/2025","267.58","270.74","271.20","267.00","3.16M","-1.17%"
"09/11/2025","270.74","274.00","274.80","270.30","2.30M","-0.80%"
"09/10/2025","272.92","272.99","275.50","271.25","3.94M","-0.08%"
"09/09/2025","273.15","275.50","277.39","271.00","4.43M","-0.67%"
"09/08/2025","275.00","274.97","276.90","273.00","7.21M","0.74%"
"09/05/2025","272.98","270.70","274.80","268.55","11.59M","0.96%"
"09/04/2025","270.39","272.50","273.74","269.06","6.16M","-0.99%"
"09/03/2025","273.10","270.00","275.50","268.20","8.36M","1.40%"
"09/02/2025","269.32","271.97","272.78","268.00","6.92M","-0.38%"
"09/01/2025","270.35","264.31","272.00","264.20","10.45M","2.27%"
"08/29/2025","264.36","261.40","271.25","260.00","14.51M","1.19%"
"08/28/2025","261.24","260.53","262.00","259.90","2.20M","0.35%"
"08/27/2025","260.33","261.00","261.99","259.02","2.74M","-0.03%"
"08/26/2025","260.42","263.94","264.70","259.50","4.34M","-0.21%"
"08/25/2025","260.97","262.55","264.25","260.23","2.54M","-0.82%"
"08/22/2025","263.13","262.00","268.70","261.20","12.45M","0.83%"
"08/21/2025","260.97","259.01","262.15","255.55","9.48M","1.05%"
"08/20/2025","258.27","260.00","261.00","257.00","5.29M","-0.55%"
"08/19/2025","259.71","263.97","264.38","259.00","7.63M","-1.46%"
"08/18/2025","263.57","263.01","264.90","258.66","8.84M","0.38%"
"08/15/2025","262.58","270.00","271.65","261.01","8.77M","-2.57%"
"08/13/2025","269.50","272.00","274.00","268.18","11.22M","-0.75%"
"08/12/2025","271.54","278.50","279.35","269.40","15.70M","-2.00%"
"08/11/2025","277.09","269.96","278.50","267.46","12.02M","2.44%"
"08/08/2025","270.48","267.20","276.99","267.20","19.94M","1.27%"
"08/07/2025","267.08","263.02","269.88","263.00","16.98M","1.85%"
"08/06/2025","262.24","259.77","263.40","257.65","8.99M","1.20%"
"08/05/2025","259.14","260.00","264.50","256.00","12.66M","-0.42%"
"08/04/2025","260.22","265.00","269.00","259.12","17.82M","1.78%"
"08/01/2025","255.67","233.45","256.31","231.01","37.05M","9.72%"
"07/31/2025","233.01","228.00","238.00","228.00","24.21M","3.66%"
"07/30/2025","224.78","223.40","226.00","223.40","1.48M","0.33%"
"07/29/2025","224.04","226.99","227.48","222.05","1.83M","-1.36%"
"07/28/2025","227.13","227.10","229.10","223.51","9.30M","0.54%"
"07/25/2025","225.91","225.33","226.98","224.23","2.02M","0.26%"
"07/24/2025","225.33","227.00","228.70","225.00","1.88M","-0.40%"
"07/23/2025","226.23","228.40","231.00","225.52","4.49M","-0.18%"
"07/22/2025","226.63","222.00","229.00","221.01","6.60M","2.46%"
"07/21/2025","221.18","223.28","223.99","220.99","2.49M","-0.94%"
"07/18/2025","223.28","226.00","228.10","223.00","2.84M","-0.84%"
"07/17/2025","225.18","224.80","227.98","224.10","3.41M","0.36%"
"07/16/2025","224.37","223.80","226.00","222.85","2.36M","-0.03%"
"07/15/2025","224.43","227.50","228.00","224.00","2.30M","-1.18%"
"07/14/2025","227.11","228.84","229.20","226.00","2.39M","-0.34%"
"07/11/2025","227.89","227.05","229.01","226.10","2.76M","0.56%"
"07/10/2025","226.62","228.02","228.09","225.80","2.90M","-0.61%"
"07/09/2025","228.02","228.99","230.00","225.06","7.17M","-0.53%"
"07/08/2025","229.24","229.50","231.55","227.51","4.16M","0.04%"
"07/07/2025","229.14","227.28","230.00","226.51","3.42M","0.82%"
"07/04/2025","227.28","229.67","230.00","226.52","2.46M","-0.79%"
"07/03/2025","229.09","224.13","230.00","224.00","9.42M","2.77%"
"07/02/2025","222.92","222.45","223.99","221.31","4.66M","0.61%"
"07/01/2025","221.57","220.30","223.00","218.99","4.59M","0.46%"
"06/30/2025","220.56","224.00","224.00","220.00","4.32M","-0.28%"
"06/27/2025","221.19","217.50","226.00","216.75","9.56M","1.79%"
"06/26/2025","217.29","218.00","222.49","216.11","6.97M","-0.26%"
"06/25/2025","217.85","218.39","219.01","216.10","6.81M","-0.07%"
"06/24/2025","218.01","216.00","220.30","211.00","9.16M","6.94%"
"06/23/2025","203.86","210.00","210.50","202.00","4.60M","-3.95%"
"06/20/2025","212.25","211.00","215.00","210.11","2.71M","0.75%"
"06/19/2025","210.68","213.55","216.01","209.85","4.40M","-0.23%"
"06/18/2025","211.17","214.26","214.26","210.50","3.68M","-1.44%"
"06/17/2025","214.26","213.00","215.45","212.00","5.63M","0.57%"
"06/16/2025","213.05","209.40","214.40","209.40","4.64M","2.01%"
"06/13/2025","208.86","211.00","212.20","208.23","5.20M","-1.50%"
"06/12/2025","212.05","217.00","218.99","211.26","8.62M","-1.51%"
"06/11/2025","215.31","212.65","216.45","212.10","8.78M","2.37%"
"06/10/2025","210.32","210.00","211.39","209.00","1.19M","0.18%"
"06/05/2025","209.95","211.89","212.50","209.50","2.23M","-0.92%"
"06/04/2025","211.89","209.15","213.13","208.95","4.38M","1.31%"
"06/03/2025","209.15","208.00","210.00","207.25","1.91M","0.56%"
"06/02/2025","207.98","211.38","213.50","206.50","3.67M","-0.72%"
"05/30/2025","209.49","209.10","210.10","207.50","1.91M","0.15%"
"05/29/2025","209.17","210.47","211.15","208.80","2.26M","-0.11%"
"05/27/2025","209.41","209.25","210.90","208.00","4.44M","0.22%"
"05/26/2025","208.95","213.00","213.80","207.15","3.43M","-1.61%"
"05/23/2025","212.37","212.80","213.70","210.60","1.69M","0.22%"
"05/22/2025","211.90","213.74","216.50","210.45","5.09M","-0.86%"
"05/21/2025","213.74","210.30","214.50","209.50","4.45M","1.93%"
"05/20/2025","209.70","210.98","212.00","209.50","1.45M","-0.94%"
"05/19/2025","211.70","213.00","213.51","209.40","4.67M","0.09%"
"05/16/2025","211.50","214.89","214.89","211.00","2.62M","-1.04%"
"05/15/2025","213.73","213.05","215.90","211.35","6.85M","0.50%"
"05/14/2025","212.67","217.90","217.90","211.50","9.74M","-2.74%"
"05/13/2025","218.66","209.00","219.99","203.50","30.91M","7.71%"
"05/12/2025","203.01","203.01","203.01","202.90","3.45M","10.00%"
"05/09/2025","184.55","179.99","185.75","174.26","9.34M","2.88%"
"05/08/2025","179.39","197.77","200.48","176.97","10.63M","-8.77%"
"05/07/2025","196.63","190.11","201.99","190.11","8.43M","-3.10%"
"05/06/2025","202.93","200.90","207.90","200.02","5.94M","1.35%"
"05/05/2025","200.22","204.00","204.00","199.51","1.96M","-1.49%"
"05/02/2025","203.25","203.00","204.48","202.25","2.12M","1.43%"
"04/30/2025","200.38","207.00","207.00","197.10","5.33M","-3.58%"
"04/29/2025","207.81","206.12","209.00","204.00","2.66M","-0.09%"
"04/28/2025","208.00","212.37","213.55","207.50","1.71M","-2.06%"
"04/25/2025","212.37","212.00","213.70","207.21","4.09M","0.32%"
"04/24/2025","211.69","211.80","214.00","210.00","3.50M","-1.25%"
"04/23/2025","214.36","213.28","217.15","211.05","5.15M","0.51%"
"04/22/2025","213.28","212.49","214.99","211.50","2.07M","0.49%"
"04/21/2025","212.23","213.90","215.00","211.52","2.90M","-0.31%"
"04/18/2025","212.88","216.70","216.70","212.50","1.71M","-0.56%"
"04/17/2025","214.08","212.90","214.69","211.01","1.86M","1.12%"
"04/16/2025","211.70","216.00","217.00","210.10","3.20M","-1.22%"
"04/15/2025","214.32","212.90","216.80","211.56","5.79M","1.08%"
"04/14/2025","212.02","213.50","215.00","210.45","2.03M","-0.07%"
"04/11/2025","212.16","214.75","214.75","211.75","2.69M","-1.21%"
"04/10/2025","214.75","217.00","219.00","214.00","5.63M","2.99%"
"04/09/2025","208.52","212.00","213.80","205.00","5.51M","-2.96%"
"04/08/2025","214.89","215.99","218.15","214.05","6.19M","0.85%"
"04/07/2025","213.07","224.00","224.00","204.09","11.61M","-6.04%"
"04/04/2025","226.77","235.00","235.70","226.01","4.44M","-3.37%"
"04/03/2025","234.68","232.89","236.00","230.02","3.18M","0.84%"
"03/27/2025","232.73","233.44","233.99","230.40","2.61M","-0.01%"
"03/26/2025","232.75","233.01","235.00","228.25","8.94M","3.82%"
"03/25/2025","224.19","218.26","225.00","215.20","6.13M","2.76%"
"03/24/2025","218.17","228.00","228.00","216.30","3.95M","-4.04%"
"03/21/2025","227.35","226.80","229.15","226.50","3.22M","0.24%"
"03/20/2025","226.81","226.10","229.74","225.60","4.92M","0.59%"
"03/19/2025","225.48","223.50","226.98","221.50","4.16M","1.08%"
"03/18/2025","223.06","223.45","226.49","221.98","5.50M","0.76%"
"03/17/2025","221.38","218.00","223.40","218.00","4.23M","1.28%"
"03/14/2025","218.59","218.90","219.90","217.90","1.59M","0.14%"
"03/13/2025","218.28","217.24","219.80","216.75","3.10M","0.48%"
"03/12/2025","217.24","219.94","221.80","216.10","4.56M","-0.72%"
"03/11/2025","218.82","214.50","220.00","210.80","8.14M","1.89%"
"03/10/2025","214.77","216.75","219.90","213.01","6.10M","-4.05%"
"03/07/2025","223.84","223.57","228.00","222.75","8.87M","0.57%"
"03/06/2025","222.58","212.90","224.00","211.62","18.05M","4.54%"
"03/05/2025","212.91","213.49","214.75","212.55","2.30M","-0.19%"
"03/04/2025","213.32","211.50","213.50","211.50","1.63M","0.74%"
"03/03/2025","211.76","212.65","214.00","211.22","1.57M","-0.39%"
"02/28/2025","212.59","213.00","214.75","211.55","5.00M","0.23%"
"02/27/2025","212.11","208.20","214.15","208.20","4.50M","1.55%"
"02/26/2025","208.88","212.90","214.00","208.11","2.76M","-2.09%"
"02/25/2025","213.33","211.67","218.00","211.67","8.38M","1.41%"
"02/24/2025","210.37","202.51","211.75","201.00","6.34M","3.76%"
"02/21/2025","202.75","205.10","205.51","202.00","825.16K","-1.01%"
"02/20/2025","204.81","204.80","208.50","204.00","3.83M","0.00%"
"02/19/2025","204.80","206.55","207.50","203.45","1.32M","-0.46%"
"02/18/2025","205.74","200.90","206.27","199.00","2.12M","3.16%"
"02/17/2025","199.44","202.85","202.85","199.00","939.28K","-1.20%"
"02/14/2025","201.86","206.44","208.00","201.00","1.33M","-2.21%"
"02/13/2025","206.43","209.10","212.60","205.85","2.87M","-1.28%"
"02/12/2025","209.10","208.19","210.37","206.01","2.90M","0.44%"
"02/11/2025","208.19","202.19","210.11","201.52","7.36M","3.59%"
"02/10/2025","200.97","198.50","202.89","196.40","2.12M","1.24%"
"02/07/2025","198.51","196.50","199.99","195.52","2.35M","1.57%"
"02/06/2025","195.44","200.01","200.70","192.15","6.28M","-2.22%"
"02/04/2025","199.88","203.00","204.30","198.50","2.90M","-1.39%"
"02/03/2025","202.69","209.00","209.00","202.05","1.83M","-1.85%"
"01/31/2025","206.51","207.00","210.90","205.65","3.99M","-0.17%"
"01/30/2025","206.87","204.00","208.00","203.00","4.30M","1.79%"
"01/29/2025","203.24","204.00","205.97","201.10","3.82M","-0.18%"
"01/28/2025","203.60","208.50","208.50","201.23","5.22M","-2.63%"
"01/27/2025","209.11","213.00","213.55","208.90","2.90M","-1.56%"
"01/24/2025","212.43","214.75","216.50","211.80","2.14M","-0.69%"
"01/23/2025","213.91","214.00","218.00","212.50","3.08M","-0.04%"
"01/22/2025","213.99","218.00","219.00","213.00","3.25M","-1.94%"
"01/21/2025","218.23","222.10","225.25","217.01","3.40M","-1.94%"
"01/20/2025","222.54","223.00","225.85","222.01","3.84M","0.28%"
"01/17/2025","221.91","218.00","223.30","216.75","4.63M","1.44%"
"01/16/2025","218.75","222.49","222.50","218.01","2.70M","-1.36%"
"01/15/2025","221.77","222.99","226.23","219.40","5.71M","-0.17%"
"01/14/2025","222.15","225.88","225.88","221.00","3.37M","-1.23%"
"01/13/2025","224.91","227.20","228.75","222.20","7.65M","-0.02%"
"01/10/2025","224.96","212.40","230.00","209.09","10.28M","5.60%"
"01/09/2025","213.03","213.50","216.90","208.11","5.56M","0.04%"
"01/08/2025","212.95","220.00","223.00","211.50","4.03M","-2.49%"
"01/07/2025","218.38","213.56","219.49","205.80","6.98M","2.26%"
"01/06/2025","213.56","223.99","224.89","210.10","6.18M","-3.84%"
"01/03/2025","222.08","224.25","224.25","218.01","3.51M","-1.07%"
"01/02/2025","224.49","229.15","231.25","222.10","5.67M","-1.75%"
"01/01/2025","228.50","225.60","230.00","223.01","5.27M","0.88%"
"12/31/2024","226.51","234.99","234.99","226.02","8.60M","0.63%"
"12/30/2024","225.10","223.45","227.20","222.30","5.80M","1.17%"
"12/27/2024","222.49","218.00","225.40","216.55","5.77M","2.29%"
"12/26/2024","217.50","232.00","232.00","217.50","9.13M","-5.43%"
"12/24/2024","230.00","233.90","255.40","227.00","23.06M","-1.50%"
"12/23/2024","233.50","216.99","234.00","215.49","14.96M","8.35%"
"12/20/2024","215.50","210.00","216.49","206.51","6.06M","3.11%"
"12/19/2024","209.00","221.90","224.00","209.00","14.17M","-5.13%"
"12/18/2024","220.30","228.00","233.00","217.00","13.98M","-0.77%"
"12/17/2024","222.00","235.40","235.99","216.75","9.57M","-5.69%"
"12/16/2024","235.40","225.25","235.50","225.25","12.69M","5.09%"
"12/13/2024","224.00","214.12","225.00","213.00","17.02M","5.66%"
"12/12/2024","212.00","206.41","214.99","206.41","20.63M","3.21%"
"12/11/2024","205.40","194.00","206.90","193.70","17.78M","6.26%"
"12/10/2024","193.30","198.00","198.40","190.35","5.33M","-2.18%"
"12/09/2024","197.60","194.86","199.27","193.00","6.76M","1.62%"
"12/06/2024","194.45","198.20","198.90","194.01","3.28M","-1.55%"
"12/05/2024","197.52","193.50","198.20","192.30","8.15M","2.29%"
"12/04/2024","193.10","192.10","193.80","190.50","4.67M","0.31%"
"12/03/2024","192.50","191.50","193.25","188.70","6.05M","0.00%"
"12/02/2024","192.50","195.25","202.89","190.20","19.61M","-1.03%"
"11/29/2024","194.50","194.00","197.75","190.75","7.95M","0.03%"
"11/28/2024","194.45","188.89","194.85","188.80","11.21M","2.83%"
"11/27/2024","189.09","190.00","190.55","184.00","7.51M","4.90%"
"11/26/2024","180.25","192.00","192.00","177.75","8.46M","-6.65%"
"11/25/2024","193.09","194.01","195.50","192.00","4.09M","-0.92%"
"11/22/2024","194.88","198.96","203.25","193.60","8.79M","-1.92%"
"11/21/2024","198.70","194.99","201.50","193.70","9.21M","1.95%"
"11/20/2024","194.90","195.98","198.80","193.00","6.02M","-0.13%"
"11/19/2024","195.15","194.50","196.50","194.10","2.65M","0.46%"
"11/18/2024","194.25","194.00","195.90","191.45","3.20M","0.22%"
"11/15/2024","193.83","194.70","198.00","193.30","6.61M","-0.35%"
"11/14/2024","194.52","191.00","196.61","191.00","8.13M","2.38%"
"11/13/2024","190.00","194.69","195.89","188.96","6.48M","-2.30%"
"11/12/2024","194.48","199.50","199.50","193.20","6.02M","-2.27%"
"11/11/2024","199.00","191.80","199.50","191.80","10.98M","3.54%"
"11/08/2024","192.20","183.05","193.50","181.50","10.75M","5.03%"
"11/07/2024","183.00","178.52","184.10","178.52","7.98M","2.23%"
"11/06/2024","179.00","182.10","182.50","177.90","8.02M","-2.05%"
"11/05/2024","182.75","180.45","185.80","180.15","10.14M","0.71%"
"11/04/2024","181.47","181.49","182.50","176.51","9.47M","0.70%"
"11/01/2024","180.20","171.99","181.00","170.11","14.11M","4.62%"
"10/31/2024","172.25","174.05","175.00","170.53","4.57M","-1.23%"
"10/30/2024","174.40","176.28","181.15","172.50","9.31M","-0.85%"
"10/29/2024","175.90","175.00","176.00","172.89","4.84M","0.98%"
"10/28/2024","174.20","176.50","180.10","174.00","7.32M","-1.58%"
"10/25/2024","177.00","177.10","182.80","173.00","22.42M","0.43%"
"10/24/2024","176.25","169.48","177.75","169.20","10.91M","4.30%"
"10/23/2024","168.99","167.40","169.80","166.06","4.64M","1.19%"
"10/22/2024","167.00","166.50","169.42","166.50","3.32M","0.24%"
"10/21/2024","166.60","165.50","167.55","165.50","2.24M","1.09%"
"10/18/2024","164.80","168.54","168.54","164.50","2.32M","-1.82%"
"10/17/2024","167.85","170.00","171.25","167.51","2.50M","-1.09%"
"10/16/2024","169.70","167.00","170.85","167.00","6.09M","-0.06%"
"10/15/2024","169.80","167.00","171.25","164.00","4.93M","1.68%"
"10/14/2024","167.00","169.99","170.00","166.80","3.00M","-1.47%"
"10/11/2024","169.50","171.00","175.10","168.21","5.64M","-0.99%"
"10/10/2024","171.20","169.50","173.25","168.00","8.15M","1.09%"
"10/09/2024","169.35","172.00","174.54","168.95","7.20M","-1.37%"
"10/08/2024","171.70","169.10","174.54","168.50","16.68M","1.48%"
"10/07/2024","169.19","154.99","169.80","154.60","20.72M","9.52%"
"10/04/2024","154.49","150.00","155.80","149.02","11.58M","2.99%"
"10/03/2024","150.00","148.45","150.00","147.90","5.35M","1.35%"
"10/02/2024","148.00","145.20","148.45","144.71","5.43M","1.58%"
"10/01/2024","145.70","143.80","146.75","142.71","5.72M","1.25%"
"09/30/2024","143.90","144.46","144.60","142.50","2.60M","-0.07%"
"09/27/2024","144.00","143.75","144.59","142.80","3.49M","0.70%"
"09/26/2024","143.00","145.50","146.20","142.95","9.86M","-1.16%"
"09/25/2024","144.68","139.80","144.85","139.06","12.71M","3.71%"
"09/24/2024","139.51","139.44","140.20","136.80","7.70M","0.19%"
"09/23/2024","139.25","141.98","144.00","137.20","23.08M","-1.42%"
"09/20/2024","141.25","145.99","146.39","140.30","29.41M","-3.02%"
"09/19/2024","145.65","142.95","148.00","142.05","11.44M","2.01%"
"09/18/2024","142.78","141.40","143.44","140.75","4.28M","1.22%"
"09/16/2024","141.06","142.00","144.50","140.45","6.93M","-0.80%"
"09/13/2024","142.20","140.11","144.40","139.41","14.13M","2.67%"
"09/12/2024","138.50","137.06","139.50","137.00","5.11M","0.97%"
"09/11/2024","137.17","136.00","137.83","134.60","4.19M","1.05%"
"09/10/2024","135.75","136.44","136.74","135.00","1.68M","-0.47%"
"09/09/2024","136.39","137.30","138.70","136.00","2.07M","-0.26%"
"09/06/2024","136.75","137.25","137.89","136.50","1.32M","-0.36%"
"09/05/2024","137.25","137.69","138.65","136.45","3.49M","-0.15%"
"09/04/2024","137.45","134.60","138.70","134.60","13.00M","2.38%"
"09/03/2024","134.25","133.50","134.70","133.50","1.14M","0.57%"
"09/02/2024","133.49","133.25","136.00","132.16","3.10M","0.60%"
"08/30/2024","132.70","133.05","134.40","132.60","1.30M","-0.23%"
"08/29/2024","133.00","132.53","133.47","131.92","1.14M","0.33%"
"08/28/2024","132.56","133.56","133.56","132.50","781.53K","-0.44%"
"08/27/2024","133.15","135.51","136.47","132.91","3.20M","-0.97%"
"08/26/2024","134.45","135.89","136.00","134.00","1.16M","-0.41%"
"08/23/2024","135.01","135.02","136.30","134.30","2.54M","0.01%"
"08/22/2024","135.00","134.60","136.85","134.01","4.25M","0.82%"
"08/21/2024","133.90","134.00","134.98","133.00","2.92M","0.83%"
"08/20/2024","132.80","132.25","133.24","131.51","942.04K","0.84%"
"08/19/2024","131.70","132.75","133.65","131.60","1.73M","0.17%"
"08/16/2024","131.48","132.51","133.35","131.10","2.12M","-0.77%"
"08/15/2024","132.50","134.40","135.75","132.00","4.16M","-0.90%"
"08/13/2024","133.70","133.54","135.00","132.78","2.67M","0.23%"
"08/12/2024","133.39","135.00","137.10","133.10","4.63M","-1.51%"
"08/09/2024","135.44","140.40","141.11","135.20","8.58M","-2.70%"
"08/08/2024","139.20","129.70","139.98","129.00","24.26M","7.57%"
"08/07/2024","129.40","130.00","131.20","128.85","2.21M","0.12%"
"08/06/2024","129.25","131.00","132.00","129.05","2.30M","0.20%"
"08/05/2024","128.99","131.49","134.70","128.85","6.77M","-1.08%"
"08/02/2024","130.40","129.21","131.50","128.51","1.24M","0.93%"
"08/01/2024","129.20","129.96","130.24","128.05","952.49K","0.11%"
"07/31/2024","129.06","131.79","132.15","129.05","1.13M","-2.09%"
"07/30/2024","131.81","133.50","134.42","130.52","3.52M","-0.63%"
"07/29/2024","132.65","129.04","134.69","129.04","5.90M","2.75%"
"07/26/2024","129.10","131.30","132.60","128.29","3.54M","-1.38%"
"07/25/2024","130.90","132.00","132.47","130.70","1.14M","-0.76%"
"07/24/2024","131.90","132.20","132.88","131.30","1.29M","0.08%"
"07/23/2024","131.80","130.00","132.20","129.99","2.33M","1.62%"
"07/22/2024","129.70","133.75","133.75","129.00","3.76M","-3.32%"
"07/19/2024","134.15","137.25","137.65","133.30","5.12M","-2.16%"
"07/18/2024","137.11","133.25","137.48","132.70","8.53M","3.40%"
"07/15/2024","132.60","133.00","134.80","132.13","3.88M","1.42%"
"07/12/2024","130.74","133.00","133.15","129.05","3.42M","-1.62%"
"07/11/2024","132.89","133.00","134.79","132.50","3.39M","-0.53%"
"07/10/2024","133.60","134.51","134.88","131.95","3.92M","-0.51%"
"07/09/2024","134.29","134.25","135.39","133.90","3.30M","0.52%"
"07/08/2024","133.60","133.80","134.50","132.50","3.07M","0.53%"
"07/05/2024","132.90","135.00","135.48","132.50","5.33M","-1.77%"
"07/04/2024","135.30","137.40","138.64","134.60","4.90M","-1.02%"
"07/03/2024","136.70","136.00","139.20","136.00","7.03M","0.51%"
"07/02/2024","136.00","136.01","137.30","135.25","4.77M","0.28%"
"07/01/2024","135.62","135.00","137.37","134.25","8.32M","0.35%"
"06/28/2024","135.15","137.00","137.38","134.90","4.87M","-0.85%"
"06/27/2024","136.31","135.99","138.00","135.00","16.93M","1.11%"
"06/26/2024","134.81","129.00","138.40","127.27","27.46M","4.67%"
"06/25/2024","128.80","131.90","131.90","128.76","3.20M","-2.49%"
"06/24/2024","132.09","134.00","134.70","131.01","4.31M","-0.92%"
"06/21/2024","133.31","135.80","135.80","132.65","4.95M","-1.26%"
"06/20/2024","135.01","131.70","135.25","131.65","8.40M","2.51%"
"06/14/2024","131.70","131.99","133.95","130.50","11.10M","1.90%"
"06/13/2024","129.25","122.00","129.25","121.40","17.61M","8.44%"
"06/12/2024","119.19","118.50","120.35","118.50","4.62M","-0.18%"
"06/11/2024","119.40","123.00","123.00","118.31","5.62M","-1.65%"
"06/10/2024","121.40","123.78","123.85","120.26","3.38M","-1.78%"
"06/07/2024","123.60","124.99","124.99","120.36","6.55M","-1.11%"
"06/06/2024","124.99","126.64","128.60","124.50","4.73M","-1.30%"
"06/05/2024","126.64","129.50","129.90","126.45","3.74M","-1.75%"
"06/04/2024","128.89","132.52","132.80","128.85","5.74M","-2.59%"
"06/03/2024","132.32","133.99","134.00","131.90","3.16M","-1.03%"
"05/31/2024","133.70","132.80","134.25","131.70","5.36M","0.68%"
"05/30/2024","132.80","133.50","133.50","131.00","6.99M","-0.04%"
"05/29/2024","132.85","136.96","136.96","131.50","9.77M","-2.90%"
"05/27/2024","136.82","139.50","139.50","136.70","2.71M","-1.57%"
"05/24/2024","139.00","141.00","141.10","138.80","5.80M","-0.39%"
"05/23/2024","139.55","136.02","140.45","135.51","15.11M","2.23%"
"05/22/2024","136.50","135.00","137.69","134.75","4.40M","1.11%"
"05/21/2024","135.00","136.02","137.10","134.80","2.29M","-1.03%"
"05/20/2024","136.40","138.25","138.25","135.65","3.68M","-1.30%"
"05/17/2024","138.20","138.00","139.19","137.00","2.60M","0.22%"
"05/16/2024","137.90","139.80","140.29","137.71","3.34M","-0.86%"
"05/15/2024","139.10","140.00","142.00","138.70","13.25M","-0.57%"
"05/14/2024","139.90","135.60","140.10","134.75","18.22M","3.78%"
"05/13/2024","134.80","133.99","137.33","132.70","8.98M","0.79%"
"05/10/2024","133.75","134.10","135.99","133.50","3.47M","0.21%"
"05/09/2024","133.47","133.21","134.75","132.79","2.60M","-0.17%"
"05/08/2024","133.70","133.00","135.10","133.00","10.02M","-0.74%"
"05/07/2024","134.69","136.40","136.80","134.30","6.65M","-1.40%"
"05/06/2024","136.60","139.10","140.50","136.35","11.67M","-0.83%"
"05/03/2024","137.75","133.25","139.50","132.01","16.08M","3.89%"
"05/02/2024","132.59","133.62","135.25","131.63","7.31M","-0.68%"
"04/30/2024","133.50","134.11","137.85","133.01","13.58M","-0.72%"
"04/29/2024","134.47","137.90","138.30","133.92","5.41M","-1.88%"
"04/26/2024","137.05","137.35","139.40","135.36","7.24M","0.08%"
"04/25/2024","136.94","135.00","137.50","133.25","8.80M","1.55%"
"04/24/2024","134.85","134.00","135.60","133.79","4.95M","0.75%"
"04/23/2024","133.85","135.80","135.87","133.50","3.46M","-1.22%"
"04/22/2024","135.50","134.00","138.00","132.20","12.88M","1.12%"
"04/19/2024","134.00","132.56","135.39","131.15","8.42M","1.28%"
"04/18/2024","132.30","131.80","133.80","129.79","7.64M","0.92%"
"04/17/2024","131.10","132.97","132.97","131.00","4.28M","-1.80%"
"04/16/2024","133.50","134.05","136.60","133.03","10.71M","-0.45%"
"04/15/2024","134.10","129.99","134.70","127.40","15.72M","4.36%"
"04/09/2024","128.50","128.50","129.90","127.00","4.87M","0.16%"
"04/08/2024","128.30","126.45","129.40","126.45","5.87M","2.39%"
"04/04/2024","125.30","125.60","128.99","125.02","7.92M","2.12%"
"04/03/2024","122.70","119.50","123.00","118.76","5.59M","3.24%"
"04/02/2024","118.85","120.00","120.00","118.25","2.00M","-0.48%"
"04/01/2024","119.42","121.40","122.40","119.00","1.84M","-1.59%"
"03/29/2024","121.35","123.02","123.50","121.20","2.79M","-1.28%"
"03/28/2024","122.92","122.80","123.70","121.85","4.20M","0.18%"
"03/27/2024","122.70","123.21","123.73","122.21","4.51M","0.09%"
"03/26/2024","122.59","121.60","124.39","121.16","20.90M","1.11%"
"03/25/2024","121.25","121.90","124.78","120.70","16.00M","3.01%"
"03/22/2024","117.71","119.80","119.85","117.26","3.52M","-1.27%"
"03/21/2024","119.22","122.03","123.00","119.20","4.60M","-2.28%"
"03/20/2024","122.00","123.12","124.85","121.11","5.33M","-0.73%"
"03/19/2024","122.90","123.00","124.99","122.03","4.30M","-0.28%"
"03/18/2024","123.25","124.05","125.40","122.71","3.15M","-0.80%"
"03/15/2024","124.25","128.15","128.97","123.00","8.02M","-2.32%"
"03/14/2024","127.20","122.52","127.50","122.52","3.55M","3.58%"
"03/13/2024","122.80","124.65","125.00","120.51","4.04M","-0.97%"
"03/12/2024","124.00","128.05","128.49","123.00","4.05M","-2.94%"
"03/11/2024","127.75","130.00","130.35","127.50","4.23M","-1.28%"
"03/08/2024","129.40","130.00","130.80","128.50","6.23M","-1.47%"
"03/07/2024","131.33","128.00","131.90","127.85","9.80M","2.59%"
"03/06/2024","128.02","127.11","131.65","127.11","11.20M","0.02%"
"03/05/2024","127.99","133.49","133.49","127.25","10.47M","-3.46%"
"03/04/2024","132.58","125.00","132.58","124.30","20.95M","6.96%"
"03/01/2024","123.95","125.34","125.79","122.99","4.79M","-1.08%"
"02/29/2024","125.30","123.25","127.86","123.25","10.85M","1.58%"
"02/28/2024","123.35","120.00","124.71","120.00","6.72M","2.45%"
"02/27/2024","120.40","125.44","125.55","120.25","10.00M","-4.15%"
"02/26/2024","125.61","125.89","129.75","124.01","14.94M","0.14%"
"02/23/2024","125.44","116.00","125.44","116.00","16.62M","7.67%"
"02/22/2024","116.50","117.50","118.40","115.51","5.78M","-0.60%"
"02/21/2024","117.20","116.99","118.44","114.50","6.51M","3.40%"
"02/20/2024","113.35","116.51","118.74","112.10","10.49M","-2.30%"
"02/19/2024","116.02","104.50","116.02","104.50","12.16M","7.63%"
"02/16/2024","107.80","112.80","116.20","105.72","20.69M","-5.02%"
"02/15/2024","113.50","123.50","123.90","113.15","12.07M","-6.81%"
"02/14/2024","121.80","125.52","128.00","117.00","32.23M","-1.88%"
"02/13/2024","124.14","124.14","126.49","124.14","14.95M","-7.50%"
"02/12/2024","134.20","140.00","141.00","134.20","14.94M","-7.78%"
"02/09/2024","145.52","146.00","148.30","139.37","18.93M","-3.62%"
"02/07/2024","150.99","156.00","157.40","150.10","24.95M","-3.21%"
"02/06/2024","156.00","150.15","158.59","150.15","23.12M","5.62%"
"02/02/2024","147.70","145.10","149.50","141.30","13.58M","2.21%"
"02/01/2024","144.50","135.89","145.10","134.70","16.99M","7.02%"
"01/31/2024","135.02","135.90","138.50","134.65","6.01M","0.76%"
"01/30/2024","134.00","137.97","140.00","130.05","17.14M","-2.44%"
"01/29/2024","137.35","140.50","140.79","136.50","7.10M","-2.32%"
"01/26/2024","140.61","135.01","143.20","133.88","31.07M","4.21%"
"01/25/2024","134.93","143.88","148.85","134.93","49.68M","-6.56%"
"01/24/2024","144.40","136.00","146.74","134.80","33.65M","5.80%"
"01/23/2024","136.48","134.94","138.90","127.20","52.95M","2.21%"
"01/22/2024","133.53","124.50","133.53","124.50","16.63M","7.25%"
"01/19/2024","124.50","124.90","125.98","123.20","2.99M","0.32%"
"01/18/2024","124.10","125.90","125.90","122.50","6.66M","-1.60%"
"01/17/2024","126.12","125.00","128.52","123.55","10.10M","-0.06%"
"01/16/2024","126.19","129.23","129.87","126.01","9.85M","-2.56%"
"01/15/2024","129.51","128.60","133.80","128.51","18.59M","1.50%"
"01/12/2024","127.60","128.50","129.50","125.90","16.50M","0.24%"
"01/11/2024","127.30","123.50","128.45","122.90","11.34M","3.93%"
"01/10/2024","122.49","122.75","126.70","122.00","18.03M","0.32%"
"01/09/2024","122.10","124.44","125.00","121.81","4.62M","-0.89%"
"01/08/2024","123.20","125.21","125.80","123.05","2.82M","-1.40%"
"01/05/2024","124.95","125.60","127.35","121.00","7.66M","-0.60%"
"01/04/2024","125.70","128.00","128.40","123.95","7.83M","-1.33%"
"01/03/2024","127.40","124.00","128.10","122.20","17.71M","3.67%"
"01/02/2024","122.89","124.00","126.70","121.51","24.57M","1.66%"
"01/01/2024","120.88","113.00","120.88","113.00","10.26M","7.83%"
"12/29/2023","112.10","110.54","115.90","109.70","10.44M","1.54%"
"12/28/2023","110.40","108.25","112.00","107.51","12.29M","3.15%"
"12/27/2023","107.03","104.90","107.99","104.00","8.31M","1.79%"
"12/26/2023","105.15","113.00","113.10","105.09","10.52M","-7.15%"
"12/22/2023","113.25","116.90","117.00","112.86","4.20M","-3.21%"
"12/21/2023","117.00","115.20","117.09","113.60","9.37M","1.92%"
"12/20/2023","114.80","118.05","119.20","112.02","13.74M","-1.45%"
"12/19/2023","116.49","124.00","124.00","115.20","11.78M","-5.76%"
"12/18/2023","123.61","127.75","127.75","123.50","6.70M","-1.66%"
"12/15/2023","125.70","127.40","128.75","124.80","17.09M","-0.55%"
"12/14/2023","126.40","123.00","127.00","120.40","12.36M","3.36%"
"12/13/2023","122.29","127.85","128.90","120.25","18.90M","-2.40%"
"12/12/2023","125.30","125.25","126.85","124.81","9.14M","0.16%"
"12/11/2023","125.10","124.50","127.00","121.76","11.19M","-0.48%"
"12/08/2023","125.70","124.00","126.47","122.25","17.92M","3.46%"
"12/07/2023","121.50","121.99","124.50","120.29","17.18M","0.40%"
"12/06/2023","121.01","121.98","124.70","119.99","28.69M","-0.49%"
"12/05/2023","121.61","115.90","122.90","113.30","31.15M","5.29%"
"12/04/2023","115.50","111.24","117.85","111.24","23.81M","3.96%"
"12/01/2023","111.10","109.11","111.10","108.80","8.58M","1.93%"
"11/30/2023","109.00","108.90","109.39","107.80","5.56M","0.74%"
"11/29/2023","108.20","108.91","110.55","107.55","11.78M","-1.05%"
"11/28/2023","109.35","109.02","110.15","107.60","12.90M","0.88%"
"11/27/2023","108.40","108.02","109.50","106.80","8.52M","0.42%"
"11/24/2023","107.95","108.70","109.95","107.20","9.87M","0.14%"
"11/23/2023","107.80","110.99","111.72","107.25","12.04M","-2.44%"
"11/22/2023","110.50","108.50","111.65","108.15","9.96M","1.85%"
"11/21/2023","108.49","109.99","110.70","107.90","5.27M","-1.10%"
"11/20/2023","109.70","111.00","111.30","109.50","4.72M","-0.90%"
"11/17/2023","110.70","114.40","114.48","110.10","13.82M","-2.64%"
"11/16/2023","113.70","108.00","114.70","106.53","28.73M","5.87%"
"11/15/2023","107.40","104.25","107.90","103.71","18.99M","3.77%"
"11/14/2023","103.50","103.32","103.98","102.00","10.52M","-0.12%"
"11/13/2023","103.62","104.01","105.00","103.06","12.99M","-0.11%"
"11/10/2023","103.73","102.00","104.80","101.75","17.30M","1.31%"
"11/08/2023","102.39","101.55","103.09","101.11","12.28M","0.74%"
"11/07/2023","101.64","102.02","103.00","101.40","12.02M","-0.06%"
"11/06/2023","101.70","101.60","102.05","100.50","7.41M","0.25%"
"11/03/2023","101.45","100.60","101.77","99.95","8.75M","1.05%"
"11/02/2023","100.40","100.99","101.90","99.20","8.19M","-0.28%"
"11/01/2023","100.68","100.75","103.20","100.25","11.17M","0.18%"
"10/31/2023","100.50","102.01","102.01","100.11","7.54M","0.50%"
"10/30/2023","100.00","99.49","100.89","98.75","5.02M","1.04%"
"10/27/2023","98.97","100.40","100.69","98.80","4.52M","-1.13%"
"10/26/2023","100.10","101.30","101.60","99.80","7.39M","-0.60%"
"10/25/2023","100.70","101.51","102.76","100.20","13.95M","-0.30%"
"10/24/2023","101.00","102.60","102.75","99.51","13.02M","-1.15%"
"10/23/2023","102.18","97.90","104.37","97.70","27.50M","5.56%"
"10/20/2023","96.80","97.89","97.90","96.45","5.64M","-0.61%"
"10/19/2023","97.39","93.55","98.50","93.55","18.11M","4.16%"
"10/18/2023","93.50","95.01","95.38","93.45","4.37M","-1.58%"
"10/17/2023","95.00","97.00","97.00","94.70","5.15M","-3.77%"
"10/16/2023","98.72","99.40","100.70","97.70","5.47M","0.02%"
"10/13/2023","98.70","97.09","100.25","96.91","12.28M","1.49%"
"10/12/2023","97.25","97.15","98.35","96.80","7.86M","0.26%"
"10/11/2023","97.00","95.51","97.10","95.51","5.90M","1.57%"
"10/10/2023","95.50","95.51","96.19","95.10","3.33M","0.00%"
"10/09/2023","95.50","95.15","96.44","94.99","3.01M","-0.42%"
"10/06/2023","95.90","97.06","97.40","95.52","5.48M","-1.53%"
"10/05/2023","97.39","98.00","98.44","96.90","4.93M","-0.72%"
"10/04/2023","98.10","98.00","99.00","97.86","5.10M","-0.15%"
"10/03/2023","98.25","99.73","100.40","98.13","9.90M","-1.25%"
"10/02/2023","99.49","96.50","99.72","96.50","17.02M","3.10%"
"09/28/2023","96.50","98.50","98.50","96.10","10.87M","-1.65%"
"09/27/2023","98.12","96.19","98.25","95.50","6.83M","2.11%"
"09/26/2023","96.09","96.04","96.80","95.75","1.85M","-0.57%"
"09/25/2023","96.64","96.40","96.90","95.75","3.13M","0.56%"
"09/22/2023","96.10","95.94","96.69","94.90","2.73M","0.51%"
"09/21/2023","95.61","95.00","95.93","93.75","2.11M","0.64%"
"09/20/2023","95.00","96.20","96.47","94.65","1.88M","-1.09%"
"09/19/2023","96.05","95.70","96.79","95.26","3.01M","0.73%"
"09/18/2023","95.35","94.99","95.65","94.65","1.52M","0.78%"
"09/15/2023","94.61","95.90","96.40","94.35","4.69M","0.44%"
"09/14/2023","94.20","93.90","94.35","93.80","1.36M","0.43%"
"09/13/2023","93.80","93.15","94.68","93.15","2.63M","0.48%"
"09/12/2023","93.35","94.99","94.99","92.90","3.44M","-2.76%"
"09/11/2023","96.00","96.40","96.99","95.09","6.30M","-0.41%"
"09/08/2023","96.40","95.50","96.44","94.60","4.33M","1.53%"
"09/07/2023","94.95","95.15","96.85","94.11","7.84M","-0.37%"
"09/06/2023","95.30","94.49","95.70","93.20","4.24M","1.49%"
"09/05/2023","93.90","95.80","95.95","93.54","3.94M","-1.68%"
"09/04/2023","95.50","95.20","95.98","95.03","2.75M","0.95%"
"09/01/2023","94.60","93.50","94.75","92.15","4.13M","0.75%"
"08/31/2023","93.90","94.50","96.23","88.10","17.49M","0.21%"
"08/30/2023","93.70","95.56","96.93","93.01","6.72M","-1.48%"
"08/29/2023","95.11","96.30","97.30","93.85","6.32M","-2.10%"
"08/28/2023","97.15","99.01","99.50","96.75","5.01M","-2.17%"
"08/25/2023","99.30","100.49","100.49","98.85","6.37M","-1.29%"
"08/24/2023","100.60","100.50","101.95","100.20","12.76M","0.10%"
"08/23/2023","100.50","100.50","100.79","98.55","16.05M","0.65%"
"08/22/2023","99.85","96.00","100.00","96.00","13.63M","3.72%"
"08/21/2023","96.27","98.00","98.99","96.01","7.31M","-2.81%"
"08/18/2023","99.05","100.01","102.44","98.63","19.81M","-0.70%"
"08/17/2023","99.75","98.60","99.89","96.80","9.37M","1.53%"
"08/16/2023","98.25","101.00","101.00","97.80","10.96M","-3.11%"
"08/15/2023","101.40","104.00","104.00","100.90","12.07M","-1.79%"
"08/11/2023","103.25","101.50","106.20","100.55","22.57M","-0.05%"
"08/10/2023","103.30","107.02","107.49","99.11","22.03M","-1.80%"
"08/09/2023","105.19","97.00","105.19","96.00","37.78M","7.72%"
"08/08/2023","97.65","104.00","104.00","97.65","27.79M","-6.65%"
"08/07/2023","104.61","109.00","111.50","104.35","26.01M","-3.05%"
"08/04/2023","107.90","104.00","108.80","103.99","28.00M","2.76%"
"08/03/2023","105.00","105.20","107.70","103.11","24.52M","0.01%"
"08/02/2023","104.99","98.05","105.00","97.90","28.37M","7.57%"
"08/01/2023","97.60","101.00","101.48","97.20","14.89M","2.36%"
"07/31/2023","95.35","93.00","98.55","93.00","22.46M","2.16%"
"07/27/2023","93.33","86.99","93.33","86.99","28.51M","7.52%"
"07/26/2023","86.80","87.50","87.80","86.60","4.73M","-0.45%"
"07/25/2023","87.19","85.75","87.89","85.52","13.06M","2.04%"
"07/24/2023","85.45","86.00","87.00","84.80","4.83M","0.53%"
"07/21/2023","85.00","86.40","86.53","85.03","5.46M","-1.37%"
"07/20/2023","86.18","84.88","86.25","84.36","7.30M","2.17%"
"07/19/2023","84.35","84.65","85.52","84.02","7.91M","0.40%"
"07/18/2023","84.01","85.24","85.40","83.90","2.57M","-0.93%"
"07/17/2023","84.80","85.50","85.85","84.70","4.24M","-0.59%"
"07/14/2023","85.30","86.90","86.90","85.07","2.12M","-1.44%"
"07/13/2023","86.55","87.98","88.25","86.50","10.86M","-1.31%"
"07/12/2023","87.70","86.50","87.73","85.61","10.79M","1.98%"
"07/11/2023","86.00","85.06","86.50","84.20","8.87M","1.76%"
"07/10/2023","84.51","85.60","85.90","84.31","4.91M","-1.76%"
"07/07/2023","86.02","86.20","86.50","85.00","2.28M","-0.09%"
"07/06/2023","86.10","84.00","86.95","84.00","11.51M","2.50%"
"07/05/2023","84.00","85.90","86.25","83.59","6.01M","-2.89%"
"07/04/2023","86.50","87.50","87.50","84.50","18.36M","3.16%"
"07/03/2023","83.85","83.85","83.85","83.85","1.14M","7.71%"
"06/27/2023","77.85","77.12","78.85","76.50","10.93M","-0.19%"
"06/26/2023","78.00","76.00","77.85","76.00","8.15M","4.78%"
"06/23/2023","74.44","75.00","75.00","73.80","2.05M","-29.10%"
"06/22/2023","105.00","74.38","75.00","73.90","1.01M","41.91%"
"06/21/2023","73.99","75.50","75.65","73.75","3.49M","-1.36%"
"06/20/2023","75.01","74.00","75.24","73.30","4.48M","1.23%"
"06/19/2023","74.10","76.50","76.70","73.10","3.96M","-2.24%"
"06/16/2023","75.80","76.50","77.24","75.80","2.07M","-0.66%"
"06/15/2023","76.30","77.03","77.50","76.25","2.04M","-1.55%"
"06/14/2023","77.50","77.60","78.25","77.20","1.49M","0.13%"
"06/13/2023","77.40","78.24","78.40","77.08","1.63M","-0.13%"
"06/12/2023","77.50","79.85","80.00","77.03","3.52M","-3.00%"
"06/09/2023","79.90","78.78","80.12","78.50","4.14M","1.91%"
"06/08/2023","78.40","79.00","80.25","78.40","3.83M","-0.72%"
"06/07/2023","78.97","78.47","79.50","77.50","2.35M","0.98%"
"06/06/2023","78.20","78.90","80.40","78.11","8.97M","-0.32%"
"06/05/2023","78.45","76.40","78.65","75.60","8.46M","3.91%"
"06/02/2023","75.50","75.36","75.50","74.90","842.76K","0.27%"
"06/01/2023","75.30","75.01","75.65","74.55","1.40M","0.64%"
"05/31/2023","74.82","75.90","76.30","74.50","3.59M","-1.23%"
"05/30/2023","75.75","75.00","76.66","75.00","4.51M","1.43%"
"05/29/2023","74.68","74.40","76.10","74.10","4.02M","0.85%"
"05/26/2023","74.05","75.60","75.71","73.50","2.70M","-2.12%"
"05/25/2023","75.65","75.70","76.41","75.11","3.69M","0.80%"
"05/24/2023","75.05","75.60","76.29","74.90","3.25M","-0.13%"
"05/23/2023","75.15","75.98","76.25","75.00","3.33M","-0.79%"
"05/22/2023","75.75","77.00","77.45","75.61","4.49M","-1.88%"
"05/19/2023","77.20","76.80","77.95","76.80","2.33M","0.46%"
"05/18/2023","76.85","78.60","78.60","76.62","5.00M","-1.47%"
"05/17/2023","78.00","80.20","80.25","77.90","2.80M","-2.01%"
"05/16/2023","79.60","77.30","79.90","77.20","6.27M","3.65%"
"05/15/2023","76.80","78.20","78.20","76.40","4.93M","-1.84%"
"05/12/2023","78.24","79.40","79.97","77.92","3.76M","-0.84%"
"05/11/2023","78.90","79.00","79.89","78.60","2.20M","0.33%"
"05/10/2023","78.64","80.00","80.71","78.50","3.07M","-2.19%"
"05/09/2023","80.40","82.25","82.25","79.70","6.11M","-2.31%"
"05/08/2023","82.30","84.79","84.90","81.60","3.97M","-4.49%"
"05/05/2023","86.17","85.18","86.99","84.95","3.76M","0.80%"
"05/04/2023","85.49","86.26","86.49","85.00","2.52M","-0.60%"
"05/03/2023","86.01","85.15","86.50","84.85","3.25M","1.05%"
"05/02/2023","85.12","86.11","86.38","85.00","2.34M","-0.99%"
"04/28/2023","85.97","87.40","87.48","85.80","2.37M","-1.18%"
"04/27/2023","87.00","87.40","87.60","86.52","3.32M","-0.01%"
"04/26/2023","87.01","87.41","88.14","86.75","2.65M","-0.56%"
"04/20/2023","87.50","86.70","87.65","86.01","2.88M","1.25%"
"04/19/2023","86.42","86.09","86.70","85.60","997.75K","0.43%"
"04/18/2023","86.05","86.30","86.30","85.42","1.62M","0.08%"
"04/17/2023","85.98","86.49","86.70","85.60","1.49M","-0.14%"
"04/13/2023","86.10","86.50","87.54","85.21","3.92M","0.82%"
"04/12/2023","85.40","83.10","85.94","83.05","2.31M","2.28%"
"04/11/2023","83.50","84.29","84.29","82.80","782.21K","-0.23%"
"04/10/2023","83.69","84.50","84.88","83.50","1.17M","-1.19%"
"04/07/2023","84.70","87.71","87.97","84.50","4.69M","-2.87%"
"04/06/2023","87.20","82.70","87.80","82.65","10.59M","5.83%"
"04/05/2023","82.40","82.50","83.33","81.03","4.57M","-0.12%"
"04/04/2023","82.50","83.30","83.30","80.90","2.77M","-1.14%"
"04/03/2023","83.45","84.22","84.49","83.00","1.51M","0.85%"
"03/31/2023","82.75","84.00","84.28","82.65","2.44M","-1.43%"
"03/30/2023","83.95","84.49","85.70","83.65","3.34M","-0.12%"
"03/29/2023","84.05","84.89","84.89","83.52","999.99K","-0.65%"
"03/28/2023","84.60","84.81","85.48","84.40","1.06M","-0.47%"
"03/27/2023","85.00","85.08","85.80","84.00","748.71K","0.29%"
"03/24/2023","84.75","85.81","86.00","84.50","574.97K","-1.34%"
"03/22/2023","85.90","87.45","88.70","85.80","1.73M","-2.52%"
"03/21/2023","88.12","87.00","88.82","86.40","3.62M","1.23%"
"03/20/2023","87.05","89.51","89.51","86.31","3.77M","-2.93%"
"03/17/2023","89.68","90.40","90.40","88.50","4.21M","-0.46%"
"03/16/2023","90.09","92.05","92.40","89.72","3.08M","-1.92%"
"03/15/2023","91.85","91.59","92.75","91.00","4.39M","0.21%"
"03/14/2023","91.66","92.80","93.00","90.56","8.70M","-1.28%"
"03/13/2023","92.85","89.25","93.39","89.25","18.46M","6.75%"
"03/10/2023","86.98","87.59","87.74","86.69","1.84M","-0.48%"
"03/09/2023","87.40","86.80","87.48","86.15","2.50M","0.81%"
"03/08/2023","86.70","84.99","87.70","84.90","6.36M","2.12%"
"03/07/2023","84.90","87.20","87.35","84.80","3.64M","-2.13%"
"03/06/2023","86.75","86.84","89.85","85.87","8.79M","-1.55%"
"03/03/2023","88.12","80.86","88.19","80.86","13.42M","7.33%"
"03/02/2023","82.10","80.10","83.00","80.00","4.21M","1.67%"
"03/01/2023","80.75","82.01","82.02","79.40","6.09M","-1.52%"
"02/28/2023","82.00","85.60","86.49","81.93","5.33M","-4.16%"
"02/27/2023","85.56","87.20","88.20","85.50","2.25M","-2.40%"
"02/24/2023","87.66","88.85","89.47","87.31","5.21M","-0.44%"
"02/23/2023","88.05","90.40","90.40","87.86","5.53M","-2.81%"
"02/22/2023","90.60","91.24","91.85","88.61","10.39M","-0.46%"
"02/21/2023","91.02","90.67","91.70","90.10","3.21M","2.11%"
"02/20/2023","89.14","94.38","94.50","89.00","5.38M","-5.75%"
"02/17/2023","94.58","93.06","94.99","93.01","4.77M","1.59%"
"02/16/2023","93.10","96.20","96.90","93.00","6.69M","-2.96%"
"02/15/2023","95.94","93.49","96.50","92.32","7.17M","2.06%"
"02/14/2023","94.00","99.99","99.99","93.02","12.75M","-4.95%"
"02/13/2023","98.90","100.00","100.50","97.30","15.13M","-2.14%"
"02/10/2023","101.06","102.00","109.60","99.51","38.73M","-5.78%"
"02/09/2023","107.26","102.00","107.26","100.70","18.22M","6.74%"
"02/08/2023","100.49","98.00","100.89","95.30","22.26M","1.20%"
"02/07/2023","99.30","99.30","99.30","97.53","16.11M","7.49%"
"02/06/2023","92.38","92.38","92.38","91.21","10.55M","7.49%"
"02/03/2023","85.94","87.39","87.40","85.27","1.26M","-1.44%"
"02/02/2023","87.20","86.73","87.30","84.90","5.16M","0.10%"
"02/01/2023","87.11","88.00","89.30","86.90","5.23M","-0.94%"
"01/31/2023","87.94","86.40","88.24","85.55","4.51M","2.09%"
"01/30/2023","86.14","87.30","88.47","86.00","5.02M","-0.58%"
"01/27/2023","86.64","86.45","87.50","84.90","4.69M","0.73%"
"01/26/2023","86.01","86.41","87.15","84.00","5.70M","0.07%"
"01/25/2023","85.95","86.00","87.25","85.30","5.62M","1.60%"
"01/24/2023","84.60","81.72","85.44","81.72","7.62M","3.36%"
"01/23/2023","81.85","80.00","82.22","79.51","3.79M","3.27%"
"01/20/2023","79.26","79.70","80.80","78.30","3.45M","0.08%"
"01/19/2023","79.20","76.59","80.43","76.59","11.00M","3.54%"
"01/18/2023","76.49","74.50","76.84","74.30","5.72M","3.36%"
"01/17/2023","74.00","79.62","80.20","73.16","5.11M","-6.45%"
"01/16/2023","79.10","81.97","81.97","78.25","4.07M","-3.58%"
"01/13/2023","82.04","85.90","85.90","81.60","6.50M","-5.70%"
"01/12/2023","87.00","87.99","89.20","86.32","5.55M","-1.24%"
"01/11/2023","88.09","85.45","88.14","84.80","12.92M","4.43%"
"01/10/2023","84.35","88.00","88.00","83.09","4.54M","-0.47%"
"01/09/2023","84.75","82.29","85.90","82.01","9.56M","2.96%"
"01/06/2023","82.31","80.00","83.00","79.40","6.02M","2.89%"
"01/05/2023","80.00","79.00","80.50","78.90","3.59M","2.12%"
"01/04/2023","78.34","80.08","80.90","78.30","2.28M","-2.14%"
"01/03/2023","80.05","80.50","80.90","79.52","1.86M","0.05%"
"01/02/2023","80.01","79.10","82.65","79.01","7.75M","0.44%"
"12/30/2022","79.66","76.46","81.68","76.46","10.29M","4.46%"
"12/29/2022","76.26","75.85","77.00","75.21","3.60M","1.01%"
"12/28/2022","75.50","74.13","75.90","74.00","2.68M","0.67%"
"12/27/2022","75.00","76.89","77.35","74.85","2.59M","-2.39%"
"12/26/2022","76.84","73.70","77.05","73.50","7.70M","5.53%"
"12/23/2022","72.81","72.00","73.49","71.81","2.68M","0.57%"
"12/22/2022","72.40","70.50","73.50","70.50","3.72M","4.10%"
"12/21/2022","69.55","69.60","70.75","69.50","935.39K","-0.53%"
"12/20/2022","69.92","71.99","72.19","69.00","1.99M","-2.41%"
"12/19/2022","71.65","72.38","73.10","71.60","1.17M","-1.10%"
"12/16/2022","72.45","72.37","72.74","71.20","753.47K","0.62%"
"12/15/2022","72.00","73.00","73.20","71.10","2.10M","-1.45%"
"12/14/2022","73.06","71.31","73.60","71.06","3.10M","2.32%"
"12/13/2022","71.40","72.10","72.50","71.40","709.84K","-0.83%"
"12/12/2022","72.00","72.15","72.70","71.90","1.48M","0.13%"
"12/09/2022","71.91","71.35","73.40","71.08","3.44M","1.11%"
"12/08/2022","71.12","71.45","71.50","71.00","1.40M","0.14%"
"12/07/2022","71.02","72.00","72.15","70.85","1.82M","-0.77%"
"12/06/2022","71.57","71.90","72.00","70.50","957.36K","-0.18%"
"12/05/2022","71.70","72.01","72.30","71.50","692.61K","-1.01%"
"12/02/2022","72.43","72.36","72.75","71.77","1.15M","-0.03%"
"12/01/2022","72.45","72.99","73.25","72.40","2.72M","0.21%"
"11/30/2022","72.30","72.85","73.13","72.15","1.25M","-0.55%"
"11/29/2022","72.70","72.41","73.20","72.12","1.30M","0.62%"
"11/28/2022","72.25","73.47","73.70","71.98","2.33M","-2.72%"
"11/25/2022","74.27","74.75","75.10","74.10","2.35M","0.24%"
"11/24/2022","74.09","74.00","74.50","73.60","1.60M","0.34%"
"11/23/2022","73.84","74.30","74.44","73.80","661.56K","-0.14%"
"11/22/2022","73.94","74.80","75.14","73.90","1.83M","-0.75%"
"11/21/2022","74.50","74.45","75.00","74.00","747.02K","0.15%"
"11/18/2022","74.39","74.75","75.30","74.05","1.90M","-0.68%"
"11/17/2022","74.90","76.49","76.50","74.86","1.31M","-1.08%"
"11/16/2022","75.72","77.00","77.70","75.70","2.41M","-1.39%"
"11/15/2022","76.79","76.40","78.65","76.13","6.57M","0.46%"
"11/14/2022","76.44","77.00","78.20","76.01","4.37M","-1.96%"
"11/11/2022","77.97","74.40","78.49","73.65","12.54M","5.08%"
"11/10/2022","74.20","71.75","75.90","71.75","12.08M","3.85%"
"11/08/2022","71.45","71.25","72.30","71.15","967.99K","0.76%"
"11/07/2022","70.91","70.80","71.41","70.61","1.19M","0.80%"
"11/04/2022","70.35","70.50","70.70","70.00","851.62K","-2.64%"
"11/03/2022","72.26","71.89","72.61","71.47","3.22M","0.71%"
"11/02/2022","71.75","70.76","71.89","70.76","1.40M","1.20%"
"11/01/2022","70.90","70.35","70.99","70.00","1.56M","1.33%"
"10/31/2022","69.97","70.90","71.10","69.90","1.57M","-0.67%"
"10/28/2022","70.44","71.33","71.48","70.25","928.07K","-1.19%"
"10/27/2022","71.29","71.90","71.90","70.85","1.31M","-0.56%"
"10/26/2022","71.69","72.76","72.80","71.40","1.76M","-2.26%"
"10/25/2022","73.35","73.12","74.89","73.10","4.39M","0.20%"
"10/24/2022","73.20","73.95","74.25","72.96","1.27M","0.33%"
"10/21/2022","72.96","72.59","73.80","71.83","4.55M","1.04%"
"10/20/2022","72.21","73.25","73.60","72.20","1.06M","-0.88%"
"10/19/2022","72.85","71.82","73.10","71.82","1.19M","0.97%"
"10/18/2022","72.15","72.45","73.40","71.80","1.21M","-0.26%"
"10/17/2022","72.34","73.90","74.00","72.20","836.35K","-2.12%"
"10/14/2022","73.91","74.60","74.70","73.50","2.15M","-3.51%"
"10/13/2022","76.60","77.00","77.35","76.35","3.95M","0.00%"
"10/12/2022","76.60","76.75","77.20","76.50","1.07M","-0.51%"
"10/11/2022","76.99","76.51","77.90","76.51","2.73M","0.83%"
"10/10/2022","76.36","75.50","77.45","75.50","2.20M","1.27%"
"10/07/2022","75.40","75.61","76.79","75.30","789.06K","-1.24%"
"10/06/2022","76.35","74.50","76.70","74.50","1.77M","2.36%"
"10/05/2022","74.59","75.00","75.24","74.48","519.52K","-0.40%"
"10/04/2022","74.89","75.06","75.49","74.50","596.47K","-0.41%"
"10/03/2022","75.20","75.69","75.99","75.00","751.89K","-0.69%"
"09/30/2022","75.72","75.79","76.48","75.04","1.46M","0.29%"
"09/29/2022","75.50","76.00","76.50","75.01","1.11M","-0.97%"
"09/28/2022","76.24","76.69","77.80","75.80","2.05M","-0.66%"
"09/27/2022","76.75","74.40","79.00","73.90","2.82M","4.00%"
"09/26/2022","73.80","73.50","74.50","73.50","1.30M","0.64%"
"09/23/2022","73.33","75.00","75.55","73.00","4.15M","-0.89%"
"09/22/2022","73.99","71.45","74.38","71.05","2.98M","3.27%"
"09/21/2022","71.65","75.91","76.50","71.12","3.47M","-5.72%"
"09/20/2022","76.00","78.00","78.30","75.51","1.58M","-2.69%"
"09/19/2022","78.10","78.50","78.80","77.88","736.09K","-0.38%"
"09/16/2022","78.40","78.80","78.80","76.75","2.50M","0.38%"
"09/15/2022","78.10","80.00","80.00","78.05","1.75M","-1.59%"
"09/14/2022","79.36","78.45","80.00","78.15","1.12M","1.03%"
"09/13/2022","78.55","79.50","79.50","78.52","654.07K","-0.57%"
"09/12/2022","79.00","79.80","80.09","78.98","572.40K","-0.80%"
"09/09/2022","79.64","80.55","80.55","79.50","1.15M","-0.95%"
"09/08/2022","80.40","79.90","80.50","79.80","1.45M","0.50%"
"09/07/2022","80.00","80.80","80.80","79.50","712.30K","-0.46%"
"09/06/2022","80.37","80.12","80.60","79.93","999.79K","0.40%"
"09/05/2022","80.05","81.24","81.35","80.01","1.44M","-1.45%"
"09/02/2022","81.23","82.25","82.25","81.00","615.40K","-0.94%"
"09/01/2022","82.00","83.00","83.00","81.75","1.15M","-0.91%"
"08/31/2022","82.75","81.00","83.10","81.00","1.04M","1.85%"
"08/30/2022","81.25","83.80","83.85","81.13","1.76M","-1.04%"
"08/29/2022","82.10","82.85","86.00","81.11","1.87M","-0.85%"
"08/26/2022","82.80","84.00","84.40","82.60","1.77M","-1.32%"
"08/25/2022","83.91","83.90","84.48","83.60","1.21M","-0.46%"
"08/24/2022","84.30","84.50","85.30","84.00","646.55K","-0.12%"
"08/23/2022","84.40","83.90","85.00","83.70","2.70M","1.64%"
"08/22/2022","83.04","84.35","85.00","82.65","3.60M","-2.04%"
"08/19/2022","84.77","85.01","85.80","84.37","857.00K","-0.74%"
"08/18/2022","85.40","86.15","86.70","84.80","3.05M","-0.72%"
"08/17/2022","86.02","86.60","86.83","86.00","2.23M","-0.58%"
"08/16/2022","86.52","87.70","88.30","86.50","3.75M","-0.68%"
"08/15/2022","87.11","88.10","89.00","86.60","7.00M","-0.40%"
"08/12/2022","87.46","84.99","87.88","84.65","6.86M","3.44%"
"08/11/2022","84.55","85.00","85.44","84.25","1.93M","-0.18%"
"08/10/2022","84.70","84.32","86.74","84.15","7.62M","2.43%"
"08/05/2022","82.69","82.19","83.23","81.30","3.33M","0.47%"
"08/04/2022","82.30","81.80","82.65","81.60","2.75M","0.73%"
"08/03/2022","81.70","80.88","82.15","80.25","3.95M","1.87%"
"08/02/2022","80.20","80.14","80.90","80.00","1.50M","-0.61%"
"08/01/2022","80.69","80.50","81.10","80.00","919.96K","0.34%"
"07/29/2022","80.42","81.45","81.45","80.03","1.42M","-0.59%"
"07/28/2022","80.90","80.17","82.00","80.17","2.37M","0.89%"
"07/27/2022","80.19","80.40","80.95","79.40","1.99M","-0.12%"
"07/26/2022","80.29","78.66","80.80","78.66","2.73M","0.93%"
"07/25/2022","79.55","79.50","80.00","78.75","809.59K","-0.69%"
"07/22/2022","80.10","79.95","80.46","78.35","2.62M","1.65%"
"07/21/2022","78.80","79.90","80.41","78.01","2.18M","-1.50%"
"07/20/2022","80.00","78.39","80.70","77.55","3.55M","2.83%"
"07/19/2022","77.80","80.99","81.70","77.60","3.40M","-4.25%"
"07/18/2022","81.25","81.85","81.85","80.50","1.65M","-1.77%"
"07/15/2022","82.71","84.09","84.09","82.56","1.67M","-1.30%"
"07/14/2022","83.80","85.00","85.00","83.71","4.36M","-1.06%"
"07/13/2022","84.70","80.00","84.80","80.00","9.98M","5.41%"
"07/07/2022","80.35","77.17","81.75","77.01","5.80M","3.54%"
"07/06/2022","77.60","77.30","77.60","77.01","312.69K","0.65%"
"07/05/2022","77.10","77.60","77.95","77.00","786.37K","-0.93%"
"07/04/2022","77.82","77.75","78.50","77.50","468.52K","-0.29%"
"07/01/2022","78.05","78.67","79.00","77.80","1.14M","-1.08%"
"06/30/2022","78.90","77.57","79.88","77.11","4.79M","1.81%"
"06/29/2022","77.50","79.00","79.20","77.40","2.26M","-0.96%"
"06/28/2022","78.25","79.88","79.88","78.05","1.87M","-0.95%"
"06/27/2022","79.00","79.60","80.50","78.45","2.19M","-0.50%"
"06/24/2022","79.40","83.10","83.10","76.76","6.79M","-4.11%"
"06/23/2022","82.80","82.91","84.05","82.50","2.67M","-0.22%"
"06/22/2022","82.98","84.00","84.39","82.45","2.04M","-0.44%"
"06/21/2022","83.35","82.35","83.49","81.15","3.04M","1.96%"
"06/20/2022","81.75","83.00","83.24","81.45","1.39M","-0.93%"
"06/17/2022","82.52","81.60","84.60","81.60","5.54M","1.18%"
"06/16/2022","81.56","80.30","82.50","79.75","4.48M","2.37%"
"06/15/2022","79.67","78.68","80.70","78.50","3.09M","1.17%"
"06/14/2022","78.75","77.50","78.99","77.40","1.86M","1.61%"
"06/13/2022","77.50","80.80","80.80","77.20","2.11M","-3.87%"
"06/10/2022","80.62","79.15","81.00","78.30","1.75M","1.92%"
"06/09/2022","79.10","78.30","80.50","78.25","1.74M","1.15%"
"06/08/2022","78.20","78.45","78.80","77.51","1.10M","-0.39%"
"06/07/2022","78.51","78.35","78.91","78.00","687.77K","0.14%"
"06/06/2022","78.40","77.00","78.60","76.51","1.27M","2.14%"
"06/03/2022","76.76","78.00","78.25","76.10","1.29M","-1.45%"
"06/02/2022","77.89","79.80","80.20","76.95","3.75M","-2.01%"
"06/01/2022","79.49","80.55","81.50","79.40","1.48M","-1.46%"
"05/31/2022","80.67","81.30","82.50","80.25","6.26M","0.46%"
"05/30/2022","80.30","79.50","81.70","78.38","8.49M","4.26%"
"05/27/2022","77.02","76.49","78.37","76.49","4.25M","2.53%"
"05/26/2022","75.12","75.58","76.00","74.51","4.57M","0.00%"
"05/25/2022","75.12","76.75","76.79","74.75","3.94M","-2.17%"
"05/24/2022","76.79","77.00","77.80","76.70","489.41K","-0.60%"
"05/23/2022","77.25","78.20","78.64","76.92","1.16M","-2.14%"
"05/20/2022","78.94","78.50","79.10","78.11","992.41K","0.43%"
"05/19/2022","78.60","78.90","79.49","78.40","916.73K","-0.01%"
"05/18/2022","78.61","79.10","79.88","78.16","882.58K","-0.78%"
"05/17/2022","79.23","79.55","79.98","79.00","565.02K","-0.28%"
"05/16/2022","79.45","81.10","81.10","78.90","1.96M","-2.49%"
"05/13/2022","81.48","79.60","82.75","79.60","3.64M","3.47%"
"05/12/2022","78.75","79.15","79.25","77.25","2.26M","-0.57%"
"05/11/2022","79.20","79.51","79.78","78.72","4.65M","-0.79%"
"05/10/2022","79.83","79.84","80.85","78.91","2.25M","0.16%"
"05/09/2022","79.70","82.91","83.04","79.50","3.52M","-3.98%"
"05/06/2022","83.00","84.45","84.50","83.00","2.04M","-1.89%"
"04/28/2022","84.60","84.53","85.80","83.80","1.98M","-0.59%"
"04/27/2022","85.10","85.79","87.10","84.11","2.52M","-0.12%"
"04/26/2022","85.20","86.21","86.21","84.80","783.14K","-1.37%"
"04/25/2022","86.38","86.50","87.40","86.05","1.24M","0.91%"
"04/22/2022","85.60","84.49","86.14","83.82","1.53M","1.12%"
"04/21/2022","84.65","84.00","84.80","83.70","675.10K","0.06%"
"04/20/2022","84.60","86.20","86.70","84.02","1.76M","-1.80%"
"04/19/2022","86.15","87.97","88.88","85.75","4.42M","-1.99%"
"04/18/2022","87.90","82.11","88.03","82.03","14.23M","7.65%"
"04/15/2022","81.65","82.40","82.75","81.60","1.13M","-0.48%"
"04/14/2022","82.04","82.65","82.82","81.91","1.87M","-0.38%"
"04/13/2022","82.35","83.24","83.50","82.20","2.14M","-0.59%"
"04/12/2022","82.84","83.98","83.98","82.40","1.58M","-0.59%"
"04/11/2022","83.33","82.50","83.75","82.00","3.96M","3.88%"
"04/08/2022","80.22","78.30","80.39","78.30","2.14M","1.25%"
"04/07/2022","79.23","80.00","80.05","79.00","1.45M","-0.49%"
"04/06/2022","79.62","80.20","82.35","79.40","2.51M","-1.23%"
"04/05/2022","80.61","81.30","81.60","80.15","600.49K","-0.27%"
"04/04/2022","80.83","80.99","82.34","80.30","1.63M","-2.67%"
"04/01/2022","83.05","83.00","83.80","82.80","993.33K","-0.10%"
"03/31/2022","83.13","82.90","83.49","82.90","1.30M","0.06%"
"03/30/2022","83.08","84.45","84.45","82.51","1.82M","-1.87%"
"03/29/2022","84.66","84.50","85.00","84.00","1.16M","0.70%"
"03/28/2022","84.07","83.00","84.40","82.00","1.09M","1.76%"
"03/25/2022","82.62","83.45","83.60","82.51","633.63K","-0.78%"
"03/24/2022","83.27","82.90","83.45","82.30","768.06K","0.39%"
"03/22/2022","82.95","83.81","84.35","82.75","1.37M","-0.58%"
"03/21/2022","83.43","83.89","85.95","83.10","3.91M","1.14%"
"03/18/2022","82.49","85.50","85.50","82.10","3.37M","-3.95%"
"03/17/2022","85.88","86.71","87.34","85.75","574.68K","-0.93%"
"03/16/2022","86.69","86.99","87.48","86.25","741.12K","0.17%"
"03/15/2022","86.54","87.99","88.18","85.60","1.26M","-1.15%"
"03/14/2022","87.55","89.50","89.50","87.25","1.35M","-1.62%"
"03/11/2022","88.99","89.40","90.30","88.40","1.16M","-0.79%"
"03/10/2022","89.70","90.15","90.30","88.88","1.13M","0.44%"
"03/09/2022","89.31","89.50","89.95","87.80","4.17M","0.00%"
"03/08/2022","89.31","90.40","91.00","89.00","2.53M","-1.68%"
"03/07/2022","90.84","93.00","93.85","88.61","6.34M","-4.17%"
"03/04/2022","94.79","94.50","96.00","94.15","3.90M","-0.20%"
"03/03/2022","94.98","93.39","95.56","93.25","11.66M","2.14%"
"03/02/2022","92.99","91.00","94.01","90.50","7.39M","1.50%"
"03/01/2022","91.62","94.38","94.38","91.25","11.21M","4.35%"
"02/28/2022","87.80","86.50","88.20","85.25","2.33M","1.97%"
"02/25/2022","86.10","87.50","87.95","85.80","2.03M","-1.25%"
"02/24/2022","87.19","88.25","88.25","86.35","2.31M","-1.90%"
"02/23/2022","88.88","89.45","90.40","87.12","3.94M","-0.41%"
"02/22/2022","89.25","90.00","90.49","88.40","2.11M","-1.04%"
"02/21/2022","90.19","90.70","92.15","89.65","2.21M","0.03%"
"02/18/2022","90.16","88.25","90.68","88.25","2.07M","1.66%"
"02/17/2022","88.69","88.33","89.80","88.00","2.14M","-0.16%"
"02/16/2022","88.83","89.20","89.34","88.15","552.86K","-0.19%"
"02/15/2022","89.00","89.85","90.15","88.75","915.39K","-0.63%"
"02/14/2022","89.56","90.24","90.55","89.20","2.27M","-0.46%"
"02/11/2022","89.97","90.55","91.45","89.65","1.30M","-1.01%"
"02/10/2022","90.89","91.50","92.50","90.75","3.35M","-0.85%"
"02/09/2022","91.67","91.35","93.25","90.85","5.31M","0.48%"
"02/08/2022","91.23","91.59","92.40","90.80","2.80M","-0.33%"
"02/07/2022","91.53","89.75","91.84","89.60","5.93M","2.26%"
"02/04/2022","89.51","89.15","90.98","88.70","7.94M","1.32%"
"02/03/2022","88.34","90.20","90.35","88.01","1.40M","-1.41%"
"02/02/2022","89.60","88.50","89.90","88.11","2.26M","1.67%"
"02/01/2022","88.13","87.50","88.20","87.02","1.06M","1.25%"
"01/31/2022","87.04","87.03","87.25","86.50","1.12M","0.90%"
"01/28/2022","86.26","87.00","87.77","86.12","2.53M","-0.79%"
"01/27/2022","86.95","87.10","87.85","86.50","1.33M","0.03%"
"01/26/2022","86.92","87.70","87.90","86.75","1.15M","-0.70%"
"01/25/2022","87.53","88.02","88.50","87.30","2.37M","-0.52%"
"01/24/2022","87.99","88.35","88.44","87.40","623.69K","0.20%"
"01/21/2022","87.81","88.25","88.85","87.70","635.62K","-0.60%"
"01/20/2022","88.34","88.08","88.89","87.10","2.28M","0.28%"
"01/19/2022","88.09","89.31","89.85","87.51","3.51M","-0.81%"
"01/18/2022","88.81","88.80","89.77","88.30","3.31M","0.46%"
"01/17/2022","88.40","88.40","89.20","87.30","856.16K","-0.34%"
"01/14/2022","88.70","89.00","89.75","88.50","3.53M","0.49%"
"01/13/2022","88.27","88.25","89.00","88.10","977.74K","-0.23%"
"01/12/2022","88.47","87.60","89.40","87.59","4.36M","1.35%"
"01/11/2022","87.29","87.99","88.42","86.85","1.01M","-0.75%"
"01/10/2022","87.95","87.53","88.85","87.06","2.18M","0.48%"
"01/07/2022","87.53","87.40","87.90","87.02","782.14K","0.59%"
"01/06/2022","87.02","87.97","88.00","86.57","619.51K","-1.08%"
"01/05/2022","87.97","88.30","88.90","87.60","1.88M","0.06%"
"01/04/2022","87.92","87.35","88.30","87.17","1.97M","1.22%"
"01/03/2022","86.86","86.45","87.65","86.16","2.29M","0.77%"